genre,genre_achievements_mean
Accounting,NA
"Accounting,Animation & Modeling,Audio Production,Design & Illustration,Education,Photo Editing,Software Training,Utilities,Video Production,Web Publishing",NA
"Accounting,Animation & Modeling,Audio Production,Design & Illustration,Education,Photo Editing,Software Training,Utilities,Video Production,Web Publishing,Game Development",NA
"Accounting,Education,Software Training,Utilities,Early Access",NA
Action,47.910377358490564
"Action,Adventure",40.33522727272727
"Action,Adventure,Casual",42
"Action,Adventure,Casual,Early Access",22
"Action,Adventure,Casual,Free to Play",NA
"Action,Adventure,Casual,Free to Play,Early Access",NA
"Action,Adventure,Casual,Free to Play,Indie",27.5
"Action,Adventure,Casual,Free to Play,Indie,Early Access",8
"Action,Adventure,Casual,Free to Play,Indie,Massively Multiplayer",NA
"Action,Adventure,Casual,Free to Play,Indie,Massively Multiplayer,Early Access",2
"Action,Adventure,Casual,Free to Play,Indie,Massively Multiplayer,Racing,RPG,Simulation,Sports,Strategy",NA
"Action,Adventure,Casual,Free to Play,Indie,Massively Multiplayer,Racing,Simulation,Sports,Early Access",NA
"Action,Adventure,Casual,Free to Play,Indie,Massively Multiplayer,RPG",54
"Action,Adventure,Casual,Free to Play,Indie,Massively Multiplayer,RPG,Simulation",NA
"Action,Adventure,Casual,Free to Play,Indie,Massively Multiplayer,RPG,Simulation,Sports,Strategy",NA
"Action,Adventure,Casual,Free to Play,Indie,Massively Multiplayer,RPG,Strategy,Early Access",NA
"Action,Adventure,Casual,Free to Play,Indie,Massively Multiplayer,Simulation,Strategy",NA
"Action,Adventure,Casual,Free to Play,Indie,Massively Multiplayer,Strategy",NA
"Action,Adventure,Casual,Free to Play,Indie,Massively Multiplayer,Strategy,Movie",32
"Action,Adventure,Casual,Free to Play,Indie,Racing,RPG,Simulation,Sports",NA
"Action,Adventure,Casual,Free to Play,Indie,Racing,RPG,Simulation,Strategy",NA
"Action,Adventure,Casual,Free to Play,Indie,RPG",11
"Action,Adventure,Casual,Free to Play,Indie,RPG,Early Access",NA
"Action,Adventure,Casual,Free to Play,Indie,RPG,Simulation,Strategy",60
"Action,Adventure,Casual,Free to Play,Indie,RPG,Strategy",19
"Action,Adventure,Casual,Free to Play,Indie,RPG,Strategy,Early Access",NA
"Action,Adventure,Casual,Free to Play,Indie,Simulation,Early Access",100
"Action,Adventure,Casual,Free to Play,Indie,Simulation,Sports,Strategy",NA
"Action,Adventure,Casual,Free to Play,Indie,Simulation,Strategy",NA
"Action,Adventure,Casual,Free to Play,Indie,Strategy",NA
"Action,Adventure,Casual,Free to Play,Massively Multiplayer",NA
"Action,Adventure,Casual,Free to Play,Massively Multiplayer,Racing,RPG",117
"Action,Adventure,Casual,Free to Play,Massively Multiplayer,Racing,RPG,Simulation",NA
"Action,Adventure,Casual,Free to Play,Massively Multiplayer,RPG",19
"Action,Adventure,Casual,Free to Play,Massively Multiplayer,RPG,Simulation",NA
"Action,Adventure,Casual,Free to Play,Massively Multiplayer,RPG,Simulation,Strategy",NA
"Action,Adventure,Casual,Free to Play,Massively Multiplayer,RPG,Sports,Strategy",71
"Action,Adventure,Casual,Free to Play,Massively Multiplayer,Simulation,Sports",46
"Action,Adventure,Casual,Free to Play,Massively Multiplayer,Simulation,Sports,Strategy",NA
"Action,Adventure,Casual,Free to Play,Massively Multiplayer,Sports,Early Access",NA
"Action,Adventure,Casual,Free to Play,Racing",15
"Action,Adventure,Casual,Free to Play,Racing,Simulation,Sports",18
"Action,Adventure,Casual,Free to Play,RPG",NA
"Action,Adventure,Casual,Free to Play,RPG,Strategy",62
"Action,Adventure,Casual,Indie",114.86635944700461
"Action,Adventure,Casual,Indie,Early Access",17.647058823529413
"Action,Adventure,Casual,Indie,Early Access,Racing,Strategy,Simulation",NA
"Action,Adventure,Casual,Indie,Massively Multiplayer",12
"Action,Adventure,Casual,Indie,Massively Multiplayer,Early Access",354
"Action,Adventure,Casual,Indie,Massively Multiplayer,Racing,RPG,Simulation",NA
"Action,Adventure,Casual,Indie,Massively Multiplayer,Racing,RPG,Simulation,Sports,Early Access",NA
"Action,Adventure,Casual,Indie,Massively Multiplayer,Racing,RPG,Simulation,Sports,Strategy",38
"Action,Adventure,Casual,Indie,Massively Multiplayer,Racing,Simulation,Sports,Early Access",33
"Action,Adventure,Casual,Indie,Massively Multiplayer,Racing,Sports,Early Access",NA
"Action,Adventure,Casual,Indie,Massively Multiplayer,RPG",23
"Action,Adventure,Casual,Indie,Massively Multiplayer,RPG,Early Access",NA
"Action,Adventure,Casual,Indie,Massively Multiplayer,RPG,Simulation",NA
"Action,Adventure,Casual,Indie,Massively Multiplayer,RPG,Simulation,Early Access",32
"Action,Adventure,Casual,Indie,Massively Multiplayer,RPG,Simulation,Strategy",15
"Action,Adventure,Casual,Indie,Massively Multiplayer,RPG,Strategy,Early Access",10
"Action,Adventure,Casual,Indie,Massively Multiplayer,Simulation",NA
"Action,Adventure,Casual,Indie,Massively Multiplayer,Simulation,Early Access",1
"Action,Adventure,Casual,Indie,Massively Multiplayer,Simulation,Strategy",NA
"Action,Adventure,Casual,Indie,Massively Multiplayer,Simulation,Strategy,Sports,Racing",NA
"Action,Adventure,Casual,Indie,Massively Multiplayer,Sports,Strategy",NA
"Action,Adventure,Casual,Indie,Massively Multiplayer,Strategy",11
"Action,Adventure,Casual,Indie,Racing",40
"Action,Adventure,Casual,Indie,Racing,Early Access",12
"Action,Adventure,Casual,Indie,Racing,RPG,Simulation,Early Access",47
"Action,Adventure,Casual,Indie,Racing,RPG,Simulation,Sports",NA
"Action,Adventure,Casual,Indie,Racing,RPG,Simulation,Sports,Strategy",8
"Action,Adventure,Casual,Indie,Racing,RPG,Simulation,Sports,Strategy,Early Access",NA
"Action,Adventure,Casual,Indie,Racing,RPG,Simulation,Strategy,Early Access",NA
"Action,Adventure,Casual,Indie,Racing,RPG,Simulation,Utilities,Early Access",NA
"Action,Adventure,Casual,Indie,Racing,Simulation",30.125
"Action,Adventure,Casual,Indie,Racing,Simulation,Sports",10
"Action,Adventure,Casual,Indie,Racing,Simulation,Sports,Early Access",4
"Action,Adventure,Casual,Indie,Racing,Simulation,Sports,Strategy",NA
"Action,Adventure,Casual,Indie,Racing,Simulation,Sports,Strategy,RPG,Early Access",NA
"Action,Adventure,Casual,Indie,Racing,Sports",21
"Action,Adventure,Casual,Indie,Racing,Sports,Early Access",NA
"Action,Adventure,Casual,Indie,Racing,Sports,Strategy",32
"Action,Adventure,Casual,Indie,Racing,Strategy",NA
"Action,Adventure,Casual,Indie,RPG",278.45238095238096
"Action,Adventure,Casual,Indie,RPG,Early Access",21.3
"Action,Adventure,Casual,Indie,RPG,Racing,Simulation,Massively Multiplayer",NA
"Action,Adventure,Casual,Indie,RPG,Simulation",25.9
"Action,Adventure,Casual,Indie,RPG,Simulation,Early Access",17.5
"Action,Adventure,Casual,Indie,RPG,Simulation,Sports,Strategy",37
"Action,Adventure,Casual,Indie,RPG,Simulation,Strategy",44.666666666666664
"Action,Adventure,Casual,Indie,RPG,Simulation,Strategy,Early Access",59
"Action,Adventure,Casual,Indie,RPG,Sports",NA
"Action,Adventure,Casual,Indie,RPG,Strategy",581
"Action,Adventure,Casual,Indie,RPG,Strategy,Early Access",10
"Action,Adventure,Casual,Indie,Simulation",49.23076923076923
"Action,Adventure,Casual,Indie,Simulation,Early Access",23.25
"Action,Adventure,Casual,Indie,Simulation,Racing",NA
"Action,Adventure,Casual,Indie,Simulation,Sports",7.333333333333333
"Action,Adventure,Casual,Indie,Simulation,Sports,Early Access",NA
"Action,Adventure,Casual,Indie,Simulation,Sports,Racing",NA
"Action,Adventure,Casual,Indie,Simulation,Sports,Strategy",12
"Action,Adventure,Casual,Indie,Simulation,Sports,Strategy,Early Access",NA
"Action,Adventure,Casual,Indie,Simulation,Sports,Strategy,Violent,Massively Multiplayer,RPG",NA
"Action,Adventure,Casual,Indie,Simulation,Strategy",20.53846153846154
"Action,Adventure,Casual,Indie,Simulation,Strategy,Early Access",31.333333333333332
"Action,Adventure,Casual,Indie,Simulation,Strategy,Video Production",NA
"Action,Adventure,Casual,Indie,Simulation,Violent,Gore",NA
"Action,Adventure,Casual,Indie,Sports",36
"Action,Adventure,Casual,Indie,Sports,Early Access",NA
"Action,Adventure,Casual,Indie,Sports,Strategy",NA
"Action,Adventure,Casual,Indie,Strategy",46.58064516129032
"Action,Adventure,Casual,Indie,Strategy,Early Access",3
"Action,Adventure,Casual,Indie,Strategy,Simulation,Sports,Early Access",NA
"Action,Adventure,Casual,Indie,Violent,Gore",NA
"Action,Adventure,Casual,Massively Multiplayer",61
"Action,Adventure,Casual,Massively Multiplayer,RPG,Early Access",NA
"Action,Adventure,Casual,Massively Multiplayer,RPG,Simulation",NA
"Action,Adventure,Casual,Massively Multiplayer,RPG,Strategy",35
"Action,Adventure,Casual,Racing",21.75
"Action,Adventure,Casual,Racing,RPG,Simulation,Sports,Strategy",NA
"Action,Adventure,Casual,Racing,RPG,Sports,Strategy",12
"Action,Adventure,Casual,Racing,Simulation,Sports",NA
"Action,Adventure,Casual,Racing,Sports",NA
"Action,Adventure,Casual,RPG",1895.875
"Action,Adventure,Casual,RPG,Early Access",NA
"Action,Adventure,Casual,RPG,Simulation",NA
"Action,Adventure,Casual,RPG,Simulation,Strategy",NA
"Action,Adventure,Casual,RPG,Simulation,Strategy,Early Access",1
"Action,Adventure,Casual,RPG,Strategy",NA
"Action,Adventure,Casual,Simulation",51.4
"Action,Adventure,Casual,Simulation,Indie,RPG",NA
"Action,Adventure,Casual,Simulation,Sports,Strategy,Early Access",17
"Action,Adventure,Casual,Simulation,Strategy",NA
"Action,Adventure,Casual,Simulation,Strategy,Early Access",NA
"Action,Adventure,Casual,Sports",NA
"Action,Adventure,Casual,Sports,Strategy,Early Access",NA
"Action,Adventure,Casual,Strategy",140
"Action,Adventure,Casual,Strategy,Early Access",2
"Action,Adventure,Early Access",16.6
"Action,Adventure,Early Access,Indie,Strategy",NA
"Action,Adventure,Free to Play",26.666666666666668
"Action,Adventure,Free to Play,Early Access",NA
"Action,Adventure,Free to Play,Indie",12.933333333333334
"Action,Adventure,Free to Play,Indie,Early Access",52
"Action,Adventure,Free to Play,Indie,Massively Multiplayer",NA
"Action,Adventure,Free to Play,Indie,Massively Multiplayer,Early Access",6
"Action,Adventure,Free to Play,Indie,Massively Multiplayer,Racing,RPG,Strategy,Early Access",NA
"Action,Adventure,Free to Play,Indie,Massively Multiplayer,RPG",75
"Action,Adventure,Free to Play,Indie,Massively Multiplayer,RPG,Early Access",26
"Action,Adventure,Free to Play,Indie,Massively Multiplayer,RPG,Strategy",NA
"Action,Adventure,Free to Play,Indie,Massively Multiplayer,Strategy,Early Access",NA
"Action,Adventure,Free to Play,Indie,RPG",25.333333333333332
"Action,Adventure,Free to Play,Indie,RPG,Early Access",NA
"Action,Adventure,Free to Play,Indie,RPG,Simulation",52
"Action,Adventure,Free to Play,Indie,RPG,Simulation,Strategy",NA
"Action,Adventure,Free to Play,Indie,RPG,Strategy",NA
"Action,Adventure,Free to Play,Indie,Simulation",NA
"Action,Adventure,Free to Play,Indie,Simulation,Strategy",NA
"Action,Adventure,Free to Play,Indie,Strategy",4
"Action,Adventure,Free to Play,Indie,Strategy,Early Access",139
"Action,Adventure,Free to Play,Massively Multiplayer",67
"Action,Adventure,Free to Play,Massively Multiplayer,Early Access",NA
"Action,Adventure,Free to Play,Massively Multiplayer,RPG",72.75
"Action,Adventure,Free to Play,Massively Multiplayer,RPG,Early Access",NA
"Action,Adventure,Free to Play,Massively Multiplayer,RPG,Simulation",NA
"Action,Adventure,Free to Play,Massively Multiplayer,RPG,Strategy",29
"Action,Adventure,Free to Play,Racing,Sports,Early Access",7
"Action,Adventure,Free to Play,RPG",NA
"Action,Adventure,Free to Play,RPG,Early Access",NA
"Action,Adventure,Free to Play,RPG,Simulation",NA
"Action,Adventure,Free to Play,RPG,Strategy,Early Access",NA
"Action,Adventure,Free to Play,Simulation",NA
"Action,Adventure,Free to Play,Simulation,Sports",159
"Action,Adventure,Free to Play,Sports,Strategy",NA
"Action,Adventure,Free to Play,Strategy",NA
"Action,Adventure,Free to Play,Violent,Indie",NA
"Action,Adventure,Indie",32.27653631284916
"Action,Adventure,Indie,Casual",NA
"Action,Adventure,Indie,Casual,Early Access",NA
"Action,Adventure,Indie,Casual,Simulation",NA
"Action,Adventure,Indie,Casual,Simulation,Strategy,Early Access,RPG",NA
"Action,Adventure,Indie,Casual,Sports,Racing",NA
"Action,Adventure,Indie,Casual,Strategy",NA
"Action,Adventure,Indie,Casual,Strategy,Racing",NA
"Action,Adventure,Indie,Casual,Violent,RPG",NA
"Action,Adventure,Indie,Early Access",19.867924528301888
"Action,Adventure,Indie,Early Access,Casual",NA
"Action,Adventure,Indie,Early Access,Simulation,Casual,Massively Multiplayer,Strategy",NA
"Action,Adventure,Indie,Gore,Nudity",NA
"Action,Adventure,Indie,Massively Multiplayer",35
"Action,Adventure,Indie,Massively Multiplayer,Early Access",56
"Action,Adventure,Indie,Massively Multiplayer,Racing,RPG,Simulation,Early Access",NA
"Action,Adventure,Indie,Massively Multiplayer,Racing,Simulation,Strategy,Early Access",NA
"Action,Adventure,Indie,Massively Multiplayer,RPG",71.44444444444444
"Action,Adventure,Indie,Massively Multiplayer,RPG,Early Access",35.666666666666664
"Action,Adventure,Indie,Massively Multiplayer,RPG,Simulation",44
"Action,Adventure,Indie,Massively Multiplayer,RPG,Simulation,Early Access",25.666666666666668
"Action,Adventure,Indie,Massively Multiplayer,RPG,Simulation,Strategy",29
"Action,Adventure,Indie,Massively Multiplayer,RPG,Simulation,Strategy,Early Access",NA
"Action,Adventure,Indie,Massively Multiplayer,RPG,Sports,Early Access",NA
"Action,Adventure,Indie,Massively Multiplayer,RPG,Strategy",NA
"Action,Adventure,Indie,Massively Multiplayer,RPG,Strategy,Early Access",3
"Action,Adventure,Indie,Massively Multiplayer,Simulation",26
"Action,Adventure,Indie,Massively Multiplayer,Simulation,Audio Production,Early Access,Casual,Education,Software Training,Game Development",NA
"Action,Adventure,Indie,Massively Multiplayer,Simulation,Early Access",16.5
"Action,Adventure,Indie,Massively Multiplayer,Simulation,Strategy",15
"Action,Adventure,Indie,Massively Multiplayer,Simulation,Strategy,Early Access",45
"Action,Adventure,Indie,Massively Multiplayer,Strategy,Early Access",NA
"Action,Adventure,Indie,Movie,Audio Production",NA
"Action,Adventure,Indie,Nudity,Violent,Gore",NA
"Action,Adventure,Indie,Racing",23.583333333333332
"Action,Adventure,Indie,Racing,Casual",NA
"Action,Adventure,Indie,Racing,Casual,Strategy",NA
"Action,Adventure,Indie,Racing,Casual,Strategy,Violent",NA
"Action,Adventure,Indie,Racing,Early Access",NA
"Action,Adventure,Indie,Racing,RPG",NA
"Action,Adventure,Indie,Racing,RPG,Simulation,Early Access",NA
"Action,Adventure,Indie,Racing,RPG,Simulation,Strategy",NA
"Action,Adventure,Indie,Racing,RPG,Simulation,Strategy,Early Access",NA
"Action,Adventure,Indie,Racing,RPG,Sports",NA
"Action,Adventure,Indie,Racing,RPG,Strategy",8
"Action,Adventure,Indie,Racing,Simulation",38
"Action,Adventure,Indie,Racing,Simulation,Casual,Strategy",NA
"Action,Adventure,Indie,Racing,Simulation,Early Access",4
"Action,Adventure,Indie,Racing,Simulation,Sports",NA
"Action,Adventure,Indie,Racing,Simulation,Sports,Early Access",17
"Action,Adventure,Indie,Racing,Sports",15
"Action,Adventure,Indie,Racing,Sports,Strategy",60
"Action,Adventure,Indie,Racing,Strategy",41
"Action,Adventure,Indie,RPG",34.18957345971564
"Action,Adventure,Indie,RPG,Casual",NA
"Action,Adventure,Indie,RPG,Casual,Simulation,Violent,Strategy,Early Access",NA
"Action,Adventure,Indie,RPG,Casual,Strategy,Simulation",NA
"Action,Adventure,Indie,RPG,Early Access",26.58695652173913
"Action,Adventure,Indie,RPG,Massively Multiplayer,Strategy",NA
"Action,Adventure,Indie,RPG,Nudity,Casual,Sexual Content,Simulation,Early Access,Strategy,Massively Multiplayer,Animation & Modeling,Design & Illustration,Web Publishing",NA
"Action,Adventure,Indie,RPG,Simulation",27.285714285714285
"Action,Adventure,Indie,RPG,Simulation,Casual,Early Access",NA
"Action,Adventure,Indie,RPG,Simulation,Casual,Strategy",NA
"Action,Adventure,Indie,RPG,Simulation,Early Access",22.22222222222222
"Action,Adventure,Indie,RPG,Simulation,Sports",NA
"Action,Adventure,Indie,RPG,Simulation,Sports,Strategy",6
"Action,Adventure,Indie,RPG,Simulation,Strategy",38
"Action,Adventure,Indie,RPG,Simulation,Strategy,Early Access",32.25
"Action,Adventure,Indie,RPG,Simulation,Violent",NA
"Action,Adventure,Indie,RPG,Sports",NA
"Action,Adventure,Indie,RPG,Sports,Strategy,Early Access",NA
"Action,Adventure,Indie,RPG,Strategy",53.15151515151515
"Action,Adventure,Indie,RPG,Strategy,Casual",NA
"Action,Adventure,Indie,RPG,Strategy,Early Access",17.625
"Action,Adventure,Indie,RPG,Strategy,Early Access,Casual",NA
"Action,Adventure,Indie,RPG,Strategy,Early Access,Casual,Racing",NA
"Action,Adventure,Indie,RPG,Strategy,Early Access,Casual,Racing,Simulation,Sports",NA
"Action,Adventure,Indie,RPG,Strategy,Early Access,Simulation",NA
"Action,Adventure,Indie,RPG,Strategy,Free to Play",NA
"Action,Adventure,Indie,Sexual Content,Nudity,Violent,Gore",NA
"Action,Adventure,Indie,Simulation",140.5
"Action,Adventure,Indie,Simulation,Casual",NA
"Action,Adventure,Indie,Simulation,Casual,RPG,Racing,Strategy",NA
"Action,Adventure,Indie,Simulation,Casual,Sports",NA
"Action,Adventure,Indie,Simulation,Early Access",17.733333333333334
"Action,Adventure,Indie,Simulation,Early Access,Casual,Massively Multiplayer,Strategy",NA
"Action,Adventure,Indie,Simulation,Sports",NA
"Action,Adventure,Indie,Simulation,Strategy",23
"Action,Adventure,Indie,Simulation,Strategy,Early Access",12
"Action,Adventure,Indie,Simulation,Strategy,Massively Multiplayer",NA
"Action,Adventure,Indie,Simulation,Strategy,RPG,Casual",NA
"Action,Adventure,Indie,Simulation,Violent,Gore,Sexual Content,Nudity,Early Access",NA
"Action,Adventure,Indie,Sports",22.666666666666668
"Action,Adventure,Indie,Sports,Early Access",NA
"Action,Adventure,Indie,Strategy",167.52777777777777
"Action,Adventure,Indie,Strategy,Casual,Racing,Simulation,Massively Multiplayer,Violent,Gore",NA
"Action,Adventure,Indie,Strategy,Casual,RPG,Sexual Content",NA
"Action,Adventure,Indie,Strategy,Early Access",22
"Action,Adventure,Indie,Strategy,Simulation,RPG",NA
"Action,Adventure,Indie,Violent",NA
"Action,Adventure,Indie,Violent,Casual,Gore,Strategy,Racing",NA
"Action,Adventure,Indie,Violent,Gore",NA
"Action,Adventure,Indie,Violent,Gore,RPG",NA
"Action,Adventure,Massively Multiplayer",22.8
"Action,Adventure,Massively Multiplayer,Early Access",42
"Action,Adventure,Massively Multiplayer,RPG",14
"Action,Adventure,Massively Multiplayer,RPG,Early Access",61
"Action,Adventure,Massively Multiplayer,RPG,Simulation",NA
"Action,Adventure,Massively Multiplayer,RPG,Simulation,Early Access",29
"Action,Adventure,Massively Multiplayer,RPG,Simulation,Strategy",25
"Action,Adventure,Massively Multiplayer,RPG,Strategy",NA
"Action,Adventure,Massively Multiplayer,RPG,Strategy,Early Access",24
"Action,Adventure,Massively Multiplayer,Simulation",NA
"Action,Adventure,Massively Multiplayer,Simulation,Early Access",NA
"Action,Adventure,Massively Multiplayer,Simulation,Strategy,Early Access",2
"Action,Adventure,Massively Multiplayer,Strategy",NA
"Action,Adventure,Racing",47
"Action,Adventure,Racing,Early Access",NA
"Action,Adventure,Racing,RPG",17
"Action,Adventure,Racing,RPG,Simulation",NA
"Action,Adventure,Racing,RPG,Simulation,Sports",14
"Action,Adventure,Racing,Simulation,Early Access",NA
"Action,Adventure,Racing,Simulation,Sports",NA
"Action,Adventure,Racing,Simulation,Strategy",NA
"Action,Adventure,RPG",129.10344827586206
"Action,Adventure,RPG,Early Access",25.25
"Action,Adventure,RPG,Early Access,Simulation",NA
"Action,Adventure,RPG,Indie",NA
"Action,Adventure,RPG,Movie,Documentary",NA
"Action,Adventure,RPG,Sexual Content,Nudity,Violent,Gore",NA
"Action,Adventure,RPG,Simulation",NA
"Action,Adventure,RPG,Simulation,Sports,Strategy",43
"Action,Adventure,RPG,Simulation,Strategy",55.5
"Action,Adventure,RPG,Simulation,Strategy,Early Access",NA
"Action,Adventure,RPG,Sports,Early Access",NA
"Action,Adventure,RPG,Strategy",36.5
"Action,Adventure,RPG,Strategy,Early Access",NA
"Action,Adventure,RPG,Violent",NA
"Action,Adventure,RPG,Violent,Gore",NA
"Action,Adventure,Simulation",21.333333333333332
"Action,Adventure,Simulation,Early Access",51
"Action,Adventure,Simulation,Strategy",NA
"Action,Adventure,Simulation,Strategy,Early Access",NA
"Action,Adventure,Simulation,Strategy,Racing,Violent,Gore",NA
"Action,Adventure,Sports",29.666666666666668
"Action,Adventure,Strategy",57.27272727272727
"Action,Adventure,Strategy,Casual,RPG,Simulation,Racing,Violent,Indie",NA
"Action,Adventure,Strategy,Early Access",13
"Action,Adventure,Strategy,Racing",NA
"Action,Adventure,Strategy,RPG,Indie",NA
"Action,Adventure,Violent",NA
"Action,Casual",334.0416666666667
"Action,Casual,Early Access",17
"Action,Casual,Free to Play",40
"Action,Casual,Free to Play,Indie",19.82608695652174
"Action,Casual,Free to Play,Indie,Early Access",16.333333333333332
"Action,Casual,Free to Play,Indie,Massively Multiplayer",NA
"Action,Casual,Free to Play,Indie,Massively Multiplayer,Early Access",54
"Action,Casual,Free to Play,Indie,Massively Multiplayer,RPG",NA
"Action,Casual,Free to Play,Indie,Massively Multiplayer,RPG,Simulation,Strategy",79
"Action,Casual,Free to Play,Indie,Massively Multiplayer,Simulation",NA
"Action,Casual,Free to Play,Indie,Racing",36
"Action,Casual,Free to Play,Indie,Racing,Simulation,Sports,Early Access",NA
"Action,Casual,Free to Play,Indie,Racing,Sports,Early Access",NA
"Action,Casual,Free to Play,Indie,RPG",58.5
"Action,Casual,Free to Play,Indie,RPG,Simulation,Strategy",82
"Action,Casual,Free to Play,Indie,RPG,Sports",NA
"Action,Casual,Free to Play,Indie,RPG,Strategy",17
"Action,Casual,Free to Play,Indie,Simulation",3
"Action,Casual,Free to Play,Indie,Simulation,Sports",NA
"Action,Casual,Free to Play,Indie,Simulation,Sports,Early Access",2038.5
"Action,Casual,Free to Play,Indie,Simulation,Sports,Strategy",NA
"Action,Casual,Free to Play,Indie,Simulation,Sports,Strategy,Adventure",NA
"Action,Casual,Free to Play,Indie,Simulation,Strategy",25
"Action,Casual,Free to Play,Indie,Simulation,Strategy,Early Access",NA
"Action,Casual,Free to Play,Indie,Sports",19
"Action,Casual,Free to Play,Indie,Sports,Early Access",NA
"Action,Casual,Free to Play,Indie,Strategy",24.8
"Action,Casual,Free to Play,Massively Multiplayer",33
"Action,Casual,Free to Play,Massively Multiplayer,RPG",NA
"Action,Casual,Free to Play,Massively Multiplayer,RPG,Simulation",NA
"Action,Casual,Free to Play,Massively Multiplayer,RPG,Simulation,Strategy",NA
"Action,Casual,Free to Play,Massively Multiplayer,Simulation,Sports",NA
"Action,Casual,Free to Play,Massively Multiplayer,Simulation,Strategy",NA
"Action,Casual,Free to Play,Massively Multiplayer,Sports",NA
"Action,Casual,Free to Play,Massively Multiplayer,Sports,Strategy",NA
"Action,Casual,Free to Play,Massively Multiplayer,Strategy,Early Access",NA
"Action,Casual,Free to Play,RPG,Simulation,Strategy",1
"Action,Casual,Free to Play,Simulation,Early Access",NA
"Action,Casual,Free to Play,Strategy",21
"Action,Casual,Indie",117.79737335834896
"Action,Casual,Indie,Adventure",NA
"Action,Casual,Indie,Early Access",26.681818181818183
"Action,Casual,Indie,Massively Multiplayer",11
"Action,Casual,Indie,Massively Multiplayer,Early Access",NA
"Action,Casual,Indie,Massively Multiplayer,Racing",NA
"Action,Casual,Indie,Massively Multiplayer,RPG",NA
"Action,Casual,Indie,Massively Multiplayer,RPG,Early Access",1
"Action,Casual,Indie,Massively Multiplayer,RPG,Simulation,Early Access",NA
"Action,Casual,Indie,Massively Multiplayer,RPG,Simulation,Sports",NA
"Action,Casual,Indie,Massively Multiplayer,Simulation",6
"Action,Casual,Indie,Massively Multiplayer,Simulation,Early Access",22
"Action,Casual,Indie,Massively Multiplayer,Simulation,RPG,Strategy",NA
"Action,Casual,Indie,Massively Multiplayer,Simulation,Sports",88
"Action,Casual,Indie,Massively Multiplayer,Simulation,Sports,Strategy",NA
"Action,Casual,Indie,Massively Multiplayer,Simulation,Strategy",19
"Action,Casual,Indie,Massively Multiplayer,Sports,Strategy",54
"Action,Casual,Indie,Massively Multiplayer,Strategy",46
"Action,Casual,Indie,Massively Multiplayer,Strategy,Early Access",43
"Action,Casual,Indie,Racing",240.69565217391303
"Action,Casual,Indie,Racing,Early Access",5
"Action,Casual,Indie,Racing,RPG,Simulation,Sports,Early Access",NA
"Action,Casual,Indie,Racing,RPG,Simulation,Strategy,Early Access",NA
"Action,Casual,Indie,Racing,Simulation",41.166666666666664
"Action,Casual,Indie,Racing,Simulation,Early Access",8
"Action,Casual,Indie,Racing,Simulation,Sports",27.333333333333332
"Action,Casual,Indie,Racing,Simulation,Sports,Early Access",NA
"Action,Casual,Indie,Racing,Simulation,Sports,Strategy",NA
"Action,Casual,Indie,Racing,Simulation,Strategy",18
"Action,Casual,Indie,Racing,Sports",22.9
"Action,Casual,Indie,Racing,Sports,Early Access",NA
"Action,Casual,Indie,Racing,Sports,Simulation",NA
"Action,Casual,Indie,Racing,Sports,Simulation,Strategy",NA
"Action,Casual,Indie,Racing,Sports,Strategy",18
"Action,Casual,Indie,Racing,Sports,Strategy,Early Access",7
"Action,Casual,Indie,Racing,Strategy",12
"Action,Casual,Indie,Racing,Strategy,Early Access",NA
"Action,Casual,Indie,RPG",25.3
"Action,Casual,Indie,RPG,Early Access",33.5
"Action,Casual,Indie,RPG,Early Access,Strategy,Adventure",NA
"Action,Casual,Indie,RPG,Simulation",36
"Action,Casual,Indie,RPG,Simulation,Sports,Strategy",9
"Action,Casual,Indie,RPG,Simulation,Strategy",72.33333333333333
"Action,Casual,Indie,RPG,Simulation,Strategy,Early Access",23
"Action,Casual,Indie,RPG,Sports",6
"Action,Casual,Indie,RPG,Sports,Strategy,Early Access",NA
"Action,Casual,Indie,RPG,Strategy",8.5
"Action,Casual,Indie,RPG,Strategy,Adventure",NA
"Action,Casual,Indie,RPG,Strategy,Early Access",32
"Action,Casual,Indie,Simulation",477.4166666666667
"Action,Casual,Indie,Simulation,Adventure,Sports,Early Access",NA
"Action,Casual,Indie,Simulation,Early Access",19.333333333333332
"Action,Casual,Indie,Simulation,Racing",NA
"Action,Casual,Indie,Simulation,Sexual Content,Violent,Early Access",NA
"Action,Casual,Indie,Simulation,Sports",16.7
"Action,Casual,Indie,Simulation,Sports,Adventure,Racing,Violent,Strategy,Early Access",NA
"Action,Casual,Indie,Simulation,Sports,Early Access",17
"Action,Casual,Indie,Simulation,Sports,Strategy",35
"Action,Casual,Indie,Simulation,Sports,Strategy,Early Access",NA
"Action,Casual,Indie,Simulation,Sports,Violent,Gore,Adventure",NA
"Action,Casual,Indie,Simulation,Strategy",1442.5714285714287
"Action,Casual,Indie,Simulation,Strategy,Early Access",14.5
"Action,Casual,Indie,Sports",24.517241379310345
"Action,Casual,Indie,Sports,Adventure,Simulation",NA
"Action,Casual,Indie,Sports,Early Access",31.375
"Action,Casual,Indie,Sports,Strategy",30
"Action,Casual,Indie,Sports,Strategy,Early Access",NA
"Action,Casual,Indie,Strategy",106.11290322580645
"Action,Casual,Indie,Strategy,Adventure",NA
"Action,Casual,Indie,Strategy,Early Access",14
"Action,Casual,Indie,Strategy,Free to Play,Simulation,Sports",NA
"Action,Casual,Indie,Strategy,Simulation",NA
"Action,Casual,Massively Multiplayer",33
"Action,Casual,Massively Multiplayer,Racing,Simulation,Sports",NA
"Action,Casual,Massively Multiplayer,Racing,Simulation,Sports,Early Access",19
"Action,Casual,Massively Multiplayer,Simulation,Strategy",NA
"Action,Casual,Racing",40.2
"Action,Casual,Racing,Simulation",21.5
"Action,Casual,Racing,Simulation,Sports",34
"Action,Casual,Racing,Sports",NA
"Action,Casual,RPG",28.666666666666668
"Action,Casual,RPG,Simulation,Strategy",NA
"Action,Casual,RPG,Sports",NA
"Action,Casual,RPG,Strategy",11
"Action,Casual,Simulation",1265.5
"Action,Casual,Simulation,Early Access",NA
"Action,Casual,Simulation,Sports",15
"Action,Casual,Simulation,Sports,Adventure,Indie,Strategy,Early Access",NA
"Action,Casual,Simulation,Sports,Early Access",23
"Action,Casual,Simulation,Sports,Strategy",NA
"Action,Casual,Simulation,Strategy",3004.6
"Action,Casual,Simulation,Strategy,Early Access",6
"Action,Casual,Sports",65
"Action,Casual,Sports,Early Access",NA
"Action,Casual,Sports,Strategy",NA
"Action,Casual,Strategy",1677
"Action,Casual,Strategy,Early Access",11
"Action,Early Access",30.166666666666668
"Action,Early Access,Free to Play,Strategy",NA
"Action,Early Access,Indie",1
"Action,Education,Software Training,Utilities,Web Publishing,Game Development",NA
"Action,Free to Play",104
"Action,Free to Play,Early Access",41.2
"Action,Free to Play,Indie",31.804878048780488
"Action,Free to Play,Indie,Early Access",39.6
"Action,Free to Play,Indie,Massively Multiplayer",103.66666666666667
"Action,Free to Play,Indie,Massively Multiplayer,Early Access",NA
"Action,Free to Play,Indie,Massively Multiplayer,Racing,RPG,Simulation",NA
"Action,Free to Play,Indie,Massively Multiplayer,Racing,Sports,Strategy",NA
"Action,Free to Play,Indie,Massively Multiplayer,RPG",47.666666666666664
"Action,Free to Play,Indie,Massively Multiplayer,RPG,Early Access",100
"Action,Free to Play,Indie,Massively Multiplayer,RPG,Simulation",43
"Action,Free to Play,Indie,Massively Multiplayer,RPG,Simulation,Strategy",NA
"Action,Free to Play,Indie,Massively Multiplayer,RPG,Simulation,Strategy,Early Access",NA
"Action,Free to Play,Indie,Massively Multiplayer,RPG,Strategy",NA
"Action,Free to Play,Indie,Massively Multiplayer,Simulation",NA
"Action,Free to Play,Indie,Massively Multiplayer,Simulation,Strategy",NA
"Action,Free to Play,Indie,Massively Multiplayer,Simulation,Strategy,Early Access",NA
"Action,Free to Play,Indie,Massively Multiplayer,Sports",NA
"Action,Free to Play,Indie,Massively Multiplayer,Strategy",50
"Action,Free to Play,Indie,Massively Multiplayer,Strategy,Early Access",NA
"Action,Free to Play,Indie,Racing,Strategy",12
"Action,Free to Play,Indie,RPG",41
"Action,Free to Play,Indie,RPG,Early Access",NA
"Action,Free to Play,Indie,RPG,Strategy",30
"Action,Free to Play,Indie,RPG,Strategy,Early Access",NA
"Action,Free to Play,Indie,Simulation",NA
"Action,Free to Play,Indie,Simulation,Early Access",NA
"Action,Free to Play,Indie,Simulation,Sports",NA
"Action,Free to Play,Indie,Simulation,Sports,Strategy,Early Access",NA
"Action,Free to Play,Indie,Simulation,Strategy",84
"Action,Free to Play,Indie,Sports",NA
"Action,Free to Play,Indie,Sports,Early Access",NA
"Action,Free to Play,Indie,Strategy",36.714285714285715
"Action,Free to Play,Indie,Strategy,Early Access",NA
"Action,Free to Play,Massively Multiplayer",37.5
"Action,Free to Play,Massively Multiplayer,Early Access",17.5
"Action,Free to Play,Massively Multiplayer,Racing",184
"Action,Free to Play,Massively Multiplayer,Racing,Early Access",NA
"Action,Free to Play,Massively Multiplayer,Racing,Sports,Strategy",13
"Action,Free to Play,Massively Multiplayer,RPG",NA
"Action,Free to Play,Massively Multiplayer,RPG,Early Access",73
"Action,Free to Play,Massively Multiplayer,RPG,Strategy",NA
"Action,Free to Play,Massively Multiplayer,Simulation",79
"Action,Free to Play,Massively Multiplayer,Simulation,Early Access",NA
"Action,Free to Play,Massively Multiplayer,Simulation,Sports",27
"Action,Free to Play,Massively Multiplayer,Simulation,Strategy",36
"Action,Free to Play,Massively Multiplayer,Strategy",40.5
"Action,Free to Play,Massively Multiplayer,Strategy,Early Access",NA
"Action,Free to Play,Racing,Sports",67
"Action,Free to Play,RPG",58.666666666666664
"Action,Free to Play,Simulation",NA
"Action,Free to Play,Simulation,Sports",NA
"Action,Free to Play,Simulation,Sports,Early Access",36
"Action,Free to Play,Sports",6
"Action,Free to Play,Strategy",20
"Action,Free to Play,Strategy,Early Access",97
"Action,Gore,Strategy",NA
"Action,Indie",47.85592417061611
"Action,Indie,Adventure",NA
"Action,Indie,Adventure,Casual",NA
"Action,Indie,Adventure,Casual,Early Access",NA
"Action,Indie,Adventure,Casual,RPG,Strategy",NA
"Action,Indie,Adventure,Casual,Strategy",NA
"Action,Indie,Adventure,Early Access",NA
"Action,Indie,Adventure,RPG,Early Access",NA
"Action,Indie,Adventure,Simulation,Casual",NA
"Action,Indie,Adventure,Simulation,RPG,Strategy,Early Access",NA
"Action,Indie,Adventure,Sports,Casual,Simulation,Racing",NA
"Action,Indie,Adventure,Strategy",NA
"Action,Indie,Animation & Modeling,Design & Illustration",NA
"Action,Indie,Casual",19
"Action,Indie,Casual,Adventure",NA
"Action,Indie,Casual,Racing,Sports",NA
"Action,Indie,Casual,Simulation",NA
"Action,Indie,Casual,Simulation,Adventure",NA
"Action,Indie,Casual,Simulation,Adventure,Nudity",NA
"Action,Indie,Casual,Strategy",NA
"Action,Indie,Documentary",NA
"Action,Indie,Early Access",19.364485981308412
"Action,Indie,Early Access,Gore,Adventure",NA
"Action,Indie,Early Access,Racing",NA
"Action,Indie,Early Access,RPG",NA
"Action,Indie,Gore,Violent",NA
"Action,Indie,Massively Multiplayer",26.666666666666668
"Action,Indie,Massively Multiplayer,Early Access",13.4
"Action,Indie,Massively Multiplayer,Racing",22
"Action,Indie,Massively Multiplayer,Racing,RPG,Simulation",NA
"Action,Indie,Massively Multiplayer,Racing,Simulation,Sports",NA
"Action,Indie,Massively Multiplayer,RPG",56.5
"Action,Indie,Massively Multiplayer,RPG,Early Access",36.5
"Action,Indie,Massively Multiplayer,RPG,Simulation",NA
"Action,Indie,Massively Multiplayer,RPG,Simulation,Strategy",NA
"Action,Indie,Massively Multiplayer,RPG,Strategy",NA
"Action,Indie,Massively Multiplayer,RPG,Strategy,Early Access",NA
"Action,Indie,Massively Multiplayer,Simulation",NA
"Action,Indie,Massively Multiplayer,Simulation,Early Access",21
"Action,Indie,Massively Multiplayer,Simulation,Sports,Early Access",2
"Action,Indie,Massively Multiplayer,Simulation,Strategy",NA
"Action,Indie,Massively Multiplayer,Simulation,Strategy,Early Access",NA
"Action,Indie,Massively Multiplayer,Strategy",25
"Action,Indie,Massively Multiplayer,Strategy,Early Access",NA
"Action,Indie,Racing",24.177777777777777
"Action,Indie,Racing,Adventure,Casual,Simulation,Sexual Content,Nudity,Strategy",NA
"Action,Indie,Racing,Adventure,Massively Multiplayer,Simulation",NA
"Action,Indie,Racing,Adventure,Massively Multiplayer,Simulation,Casual",NA
"Action,Indie,Racing,Early Access",9.5
"Action,Indie,Racing,RPG,Early Access",NA
"Action,Indie,Racing,RPG,Simulation",23
"Action,Indie,Racing,RPG,Simulation,Sports",NA
"Action,Indie,Racing,RPG,Strategy",NA
"Action,Indie,Racing,Simulation",15.666666666666666
"Action,Indie,Racing,Simulation,Early Access",NA
"Action,Indie,Racing,Simulation,Sports",31
"Action,Indie,Racing,Simulation,Sports,Early Access",52
"Action,Indie,Racing,Simulation,Sports,Strategy",NA
"Action,Indie,Racing,Simulation,Strategy",14
"Action,Indie,Racing,Sports",109.15384615384616
"Action,Indie,Racing,Sports,Adventure",NA
"Action,Indie,Racing,Sports,Early Access",NA
"Action,Indie,Racing,Strategy",14
"Action,Indie,Racing,Violent",NA
"Action,Indie,RPG",44.72222222222222
"Action,Indie,RPG,Adventure",NA
"Action,Indie,RPG,Adventure,Casual",NA
"Action,Indie,RPG,Adventure,Casual,Sports,Simulation,Strategy",NA
"Action,Indie,RPG,Adventure,Sports,Simulation,Strategy",NA
"Action,Indie,RPG,Casual,Adventure",NA
"Action,Indie,RPG,Early Access",33.10526315789474
"Action,Indie,RPG,Early Access,Adventure",NA
"Action,Indie,RPG,Sexual Content,Nudity,Violent,Strategy,Adventure",NA
"Action,Indie,RPG,Simulation",75.66666666666667
"Action,Indie,RPG,Simulation,Early Access",22.75
"Action,Indie,RPG,Simulation,Strategy",31.6
"Action,Indie,RPG,Simulation,Strategy,Casual",NA
"Action,Indie,RPG,Simulation,Strategy,Early Access",21
"Action,Indie,RPG,Simulation,Strategy,Violent,Gore,Early Access",NA
"Action,Indie,RPG,Sports",16.5
"Action,Indie,RPG,Sports,Strategy",NA
"Action,Indie,RPG,Strategy",48.84
"Action,Indie,RPG,Strategy,Adventure",NA
"Action,Indie,RPG,Strategy,Adventure,Casual",NA
"Action,Indie,RPG,Strategy,Adventure,Early Access",NA
"Action,Indie,RPG,Strategy,Adventure,Simulation",NA
"Action,Indie,RPG,Strategy,Casual",NA
"Action,Indie,RPG,Strategy,Early Access",72
"Action,Indie,RPG,Strategy,Free to Play",NA
"Action,Indie,Simulation",88.63157894736842
"Action,Indie,Simulation,Adventure,Casual,RPG",NA
"Action,Indie,Simulation,Casual,Adventure",NA
"Action,Indie,Simulation,Casual,Racing,Sports,Adventure",NA
"Action,Indie,Simulation,Early Access",17.076923076923077
"Action,Indie,Simulation,Racing,Sports",NA
"Action,Indie,Simulation,Sports",19.571428571428573
"Action,Indie,Simulation,Sports,Early Access",9
"Action,Indie,Simulation,Sports,Racing",NA
"Action,Indie,Simulation,Sports,Strategy",24
"Action,Indie,Simulation,Strategy",42.05
"Action,Indie,Simulation,Strategy,Adventure,RPG",NA
"Action,Indie,Simulation,Strategy,Casual",NA
"Action,Indie,Simulation,Strategy,Early Access",25.666666666666668
"Action,Indie,Simulation,Strategy,Early Access,Racing",NA
"Action,Indie,Simulation,Violent,Adventure",NA
"Action,Indie,Sports",22.657894736842106
"Action,Indie,Sports,Adventure,RPG,Early Access,Casual",NA
"Action,Indie,Sports,Adventure,Strategy,Casual,Racing,Simulation",NA
"Action,Indie,Sports,Casual",NA
"Action,Indie,Sports,Early Access",3.6666666666666665
"Action,Indie,Sports,Sexual Content,Violent,Gore,Casual",NA
"Action,Indie,Sports,Strategy",NA
"Action,Indie,Sports,Strategy,Early Access",NA
"Action,Indie,Strategy",35.3014705882353
"Action,Indie,Strategy,Adventure,Casual",NA
"Action,Indie,Strategy,Casual",NA
"Action,Indie,Strategy,Casual,Adventure",NA
"Action,Indie,Strategy,Casual,Utilities,Web Publishing",NA
"Action,Indie,Strategy,Early Access",22.95
"Action,Indie,Strategy,Early Access,Adventure,Casual,RPG,Simulation,Violent,Gore",NA
"Action,Indie,Strategy,Free to Play",NA
"Action,Indie,Strategy,Racing,Simulation,Casual,Adventure",NA
"Action,Indie,Strategy,Simulation,Early Access,Violent",NA
"Action,Indie,Strategy,Violent,Gore",NA
"Action,Indie,Violent",NA
"Action,Indie,Violent,Gore",NA
"Action,Indie,Violent,Gore,Adventure,Casual",NA
"Action,Indie,Violent,Gore,Adventure,RPG,Casual",NA
"Action,Indie,Violent,Gore,RPG,Adventure",NA
"Action,Massively Multiplayer",43.666666666666664
"Action,Massively Multiplayer,Early Access",28
"Action,Massively Multiplayer,Racing",53
"Action,Massively Multiplayer,Racing,RPG,Simulation",NA
"Action,Massively Multiplayer,Racing,RPG,Simulation,Early Access",26
"Action,Massively Multiplayer,Racing,Simulation",NA
"Action,Massively Multiplayer,RPG",NA
"Action,Massively Multiplayer,RPG,Early Access",NA
"Action,Massively Multiplayer,RPG,Simulation",7
"Action,Massively Multiplayer,RPG,Strategy",NA
"Action,Massively Multiplayer,Simulation",140
"Action,Massively Multiplayer,Simulation,Early Access",NA
"Action,Massively Multiplayer,Simulation,Sports",NA
"Action,Massively Multiplayer,Simulation,Strategy",132
"Action,Massively Multiplayer,Simulation,Strategy,Violent,Gore,Indie",NA
"Action,Massively Multiplayer,Sports",NA
"Action,Massively Multiplayer,Strategy,Early Access",NA
"Action,Movie",NA
"Action,Racing",31.857142857142858
"Action,Racing,Early Access",13
"Action,Racing,Indie,Simulation",NA
"Action,Racing,RPG,Strategy",NA
"Action,Racing,Simulation",18.5
"Action,Racing,Simulation,Sports",13.333333333333334
"Action,Racing,Simulation,Sports,Indie,Adventure",NA
"Action,Racing,Sports",34
"Action,Racing,Sports,Indie,Strategy,RPG,Simulation",NA
"Action,Racing,Strategy",7
"Action,RPG",65.93103448275862
"Action,RPG,Adventure",NA
"Action,RPG,Casual,Indie,Adventure",NA
"Action,RPG,Early Access",1
"Action,RPG,Indie",13
"Action,RPG,Indie,Simulation,Racing,Casual",NA
"Action,RPG,Simulation",56.666666666666664
"Action,RPG,Simulation,Early Access",16
"Action,RPG,Simulation,Strategy",59
"Action,RPG,Simulation,Strategy,Early Access",NA
"Action,RPG,Sports,Early Access",25
"Action,RPG,Strategy",40.166666666666664
"Action,RPG,Strategy,Early Access",NA
"Action,RPG,Violent",NA
"Action,RPG,Violent,Gore",NA
"Action,Sexual Content,Nudity,Violent,Gore,Adventure",NA
"Action,Simulation",25
"Action,Simulation,Adventure",NA
"Action,Simulation,Adventure,RPG,Strategy,Racing",NA
"Action,Simulation,Early Access",11.5
"Action,Simulation,Indie,RPG,Strategy",NA
"Action,Simulation,Sports",1012.4
"Action,Simulation,Sports,Early Access",65
"Action,Simulation,Sports,Strategy",48
"Action,Simulation,Strategy",90.6
"Action,Simulation,Strategy,Early Access",NA
"Action,Simulation,Strategy,Indie",NA
"Action,Sports",22
"Action,Sports,Early Access",NA
"Action,Sports,Early Access,Indie,Simulation",NA
"Action,Sports,Simulation",NA
"Action,Sports,Strategy",27
"Action,Sports,Strategy,Early Access",5
"Action,Strategy",53.60606060606061
"Action,Strategy,Casual",59
"Action,Strategy,Early Access",19
"Action,Strategy,Indie",57.5
"Action,Strategy,Indie,Casual",NA
"Action,Strategy,Indie,Simulation",NA
"Action,Strategy,Indie,Sports",51
"Action,Strategy,Nudity,Gore",NA
"Action,Strategy,RPG,Indie",NA
"Action,Strategy,Violent",NA
"Action,Violent",NA
"Action,Violent,Movie",NA
Adventure,25.871951219512194
"Adventure,Action",NA
"Adventure,Action,Casual,Indie,RPG",NA
"Adventure,Action,Indie",NA
"Adventure,Action,Indie,RPG",NA
"Adventure,Action,Strategy",NA
"Adventure,Casual",21.095541401273884
"Adventure,Casual,Action",NA
"Adventure,Casual,Early Access",1
"Adventure,Casual,Free to Play",37.2
"Adventure,Casual,Free to Play,Early Access",NA
"Adventure,Casual,Free to Play,Indie",14.133333333333333
"Adventure,Casual,Free to Play,Indie,Massively Multiplayer,RPG,Strategy",49
"Adventure,Casual,Free to Play,Indie,Racing,Simulation",NA
"Adventure,Casual,Free to Play,Indie,RPG",13
"Adventure,Casual,Free to Play,Indie,RPG,Early Access",NA
"Adventure,Casual,Free to Play,Indie,RPG,Simulation",NA
"Adventure,Casual,Free to Play,Indie,RPG,Simulation,Strategy",74.25
"Adventure,Casual,Free to Play,Indie,RPG,Simulation,Strategy,Early Access",NA
"Adventure,Casual,Free to Play,Indie,RPG,Strategy",NA
"Adventure,Casual,Free to Play,Indie,Simulation",14.5
"Adventure,Casual,Free to Play,Indie,Simulation,Sports,Strategy",96
"Adventure,Casual,Free to Play,Indie,Simulation,Sports,Strategy,Action",NA
"Adventure,Casual,Free to Play,Indie,Simulation,Strategy",NA
"Adventure,Casual,Free to Play,Indie,Strategy",3
"Adventure,Casual,Free to Play,Indie,Strategy,Early Access",15
"Adventure,Casual,Free to Play,Massively Multiplayer,RPG",18
"Adventure,Casual,Free to Play,Massively Multiplayer,RPG,Simulation,Sports,Early Access",114
"Adventure,Casual,Free to Play,Massively Multiplayer,Simulation,Sports,Early Access",NA
"Adventure,Casual,Free to Play,Massively Multiplayer,Strategy",220
"Adventure,Casual,Free to Play,RPG",NA
"Adventure,Casual,Free to Play,RPG,Simulation,Strategy",55
"Adventure,Casual,Free to Play,Simulation",NA
"Adventure,Casual,Free to Play,Sports",12
"Adventure,Casual,Free to Play,Strategy",NA
"Adventure,Casual,Indie",47.83653846153846
"Adventure,Casual,Indie,Action",NA
"Adventure,Casual,Indie,Action,RPG",NA
"Adventure,Casual,Indie,Action,RPG,Simulation",NA
"Adventure,Casual,Indie,Action,RPG,Strategy,Violent,Gore",NA
"Adventure,Casual,Indie,Action,Simulation",NA
"Adventure,Casual,Indie,Action,Simulation,Strategy",NA
"Adventure,Casual,Indie,Action,Strategy,Early Access",NA
"Adventure,Casual,Indie,Action,Strategy,Massively Multiplayer",NA
"Adventure,Casual,Indie,Action,Strategy,Simulation,Racing,Sports",NA
"Adventure,Casual,Indie,Animation & Modeling,Education,Video Production",NA
"Adventure,Casual,Indie,Documentary",NA
"Adventure,Casual,Indie,Early Access",464.4
"Adventure,Casual,Indie,Early Access,Action",NA
"Adventure,Casual,Indie,Free to Play",NA
"Adventure,Casual,Indie,Massively Multiplayer",NA
"Adventure,Casual,Indie,Massively Multiplayer,RPG,Simulation,Sports,Strategy",NA
"Adventure,Casual,Indie,Massively Multiplayer,RPG,Simulation,Strategy,Early Access",NA
"Adventure,Casual,Indie,Massively Multiplayer,RPG,Strategy",35
"Adventure,Casual,Indie,Massively Multiplayer,Simulation",18
"Adventure,Casual,Indie,Massively Multiplayer,Strategy",NA
"Adventure,Casual,Indie,Massively Multiplayer,Strategy,Early Access",36
"Adventure,Casual,Indie,Nudity",NA
"Adventure,Casual,Indie,Racing",24.333333333333332
"Adventure,Casual,Indie,Racing,Early Access",NA
"Adventure,Casual,Indie,Racing,RPG,Simulation,Strategy",54
"Adventure,Casual,Indie,Racing,Simulation",56
"Adventure,Casual,Indie,Racing,Simulation,Early Access",1
"Adventure,Casual,Indie,Racing,Simulation,Sports",4
"Adventure,Casual,Indie,Racing,Simulation,Sports,Early Access",19
"Adventure,Casual,Indie,Racing,Simulation,Sports,Strategy",NA
"Adventure,Casual,Indie,Racing,Simulation,Sports,Strategy,Action,RPG",NA
"Adventure,Casual,Indie,Racing,Strategy",NA
"Adventure,Casual,Indie,RPG",106.01315789473684
"Adventure,Casual,Indie,RPG,Action",NA
"Adventure,Casual,Indie,RPG,Early Access",14.333333333333334
"Adventure,Casual,Indie,RPG,Simulation",31.8125
"Adventure,Casual,Indie,RPG,Simulation,Early Access",15.333333333333334
"Adventure,Casual,Indie,RPG,Simulation,Sports",55.5
"Adventure,Casual,Indie,RPG,Simulation,Sports,Strategy",22
"Adventure,Casual,Indie,RPG,Simulation,Strategy",24.318181818181817
"Adventure,Casual,Indie,RPG,Simulation,Strategy,Early Access",NA
"Adventure,Casual,Indie,RPG,Sports",NA
"Adventure,Casual,Indie,RPG,Strategy",475.45454545454544
"Adventure,Casual,Indie,RPG,Strategy,Action",NA
"Adventure,Casual,Indie,RPG,Strategy,Early Access",7
"Adventure,Casual,Indie,RPG,Strategy,Simulation",NA
"Adventure,Casual,Indie,RPG,Strategy,Simulation,Action",NA
"Adventure,Casual,Indie,Sexual Content,Nudity,RPG",NA
"Adventure,Casual,Indie,Sexual Content,Nudity,Violent,Action",NA
"Adventure,Casual,Indie,Simulation",22.94736842105263
"Adventure,Casual,Indie,Simulation,Accounting",NA
"Adventure,Casual,Indie,Simulation,Early Access",19.75
"Adventure,Casual,Indie,Simulation,Sports",161
"Adventure,Casual,Indie,Simulation,Sports,Strategy",NA
"Adventure,Casual,Indie,Simulation,Sports,Strategy,Action",NA
"Adventure,Casual,Indie,Simulation,Strategy",35.30769230769231
"Adventure,Casual,Indie,Simulation,Strategy,Early Access",12
"Adventure,Casual,Indie,Simulation,Strategy,RPG",NA
"Adventure,Casual,Indie,Simulation,Violent,Action",NA
"Adventure,Casual,Indie,Sports",47
"Adventure,Casual,Indie,Sports,Early Access",NA
"Adventure,Casual,Indie,Sports,Strategy",5
"Adventure,Casual,Indie,Strategy",20.14814814814815
"Adventure,Casual,Indie,Strategy,Action",NA
"Adventure,Casual,Indie,Strategy,Early Access",34.333333333333336
"Adventure,Casual,Indie,Strategy,Early Access,Action",NA
"Adventure,Casual,Indie,Strategy,Simulation,Sports",NA
"Adventure,Casual,Indie,Strategy,Simulation,Sports,Early Access",NA
"Adventure,Casual,Indie,Violent",NA
"Adventure,Casual,Indie,Violent,Action,Simulation",NA
"Adventure,Casual,Massively Multiplayer,Simulation",NA
"Adventure,Casual,Nudity",NA
"Adventure,Casual,Racing",20
"Adventure,Casual,RPG",14.75
"Adventure,Casual,RPG,Early Access",NA
"Adventure,Casual,RPG,Indie",NA
"Adventure,Casual,RPG,Simulation",44.333333333333336
"Adventure,Casual,RPG,Simulation,Early Access",NA
"Adventure,Casual,RPG,Simulation,Strategy",14.5
"Adventure,Casual,RPG,Strategy",43.5
"Adventure,Casual,Simulation",19.708333333333332
"Adventure,Casual,Simulation,Design & Illustration",NA
"Adventure,Casual,Simulation,Strategy",275
"Adventure,Casual,Simulation,Strategy,Indie",NA
"Adventure,Casual,Sports",NA
"Adventure,Casual,Strategy",26.555555555555557
"Adventure,Casual,Strategy,Early Access",73
"Adventure,Casual,Strategy,Indie",NA
"Adventure,Casual,Strategy,Simulation",NA
"Adventure,Documentary",NA
"Adventure,Early Access",10.6
"Adventure,Free to Play",14.75
"Adventure,Free to Play,Indie",12.2
"Adventure,Free to Play,Indie,Early Access",4
"Adventure,Free to Play,Indie,Massively Multiplayer",NA
"Adventure,Free to Play,Indie,Massively Multiplayer,RPG",NA
"Adventure,Free to Play,Indie,Massively Multiplayer,RPG,Early Access",136
"Adventure,Free to Play,Indie,Massively Multiplayer,RPG,Strategy",NA
"Adventure,Free to Play,Indie,RPG",20.8
"Adventure,Free to Play,Indie,RPG,Early Access",14
"Adventure,Free to Play,Indie,RPG,Strategy",25
"Adventure,Free to Play,Indie,Simulation",NA
"Adventure,Free to Play,Indie,Simulation,Early Access",NA
"Adventure,Free to Play,Indie,Strategy",NA
"Adventure,Free to Play,Indie,Strategy,Early Access",NA
"Adventure,Free to Play,Massively Multiplayer",33
"Adventure,Free to Play,Massively Multiplayer,RPG",65.5
"Adventure,Free to Play,Massively Multiplayer,RPG,Simulation,Early Access",NA
"Adventure,Free to Play,Massively Multiplayer,RPG,Strategy",146
"Adventure,Free to Play,Massively Multiplayer,Simulation,Early Access",NA
"Adventure,Free to Play,RPG",NA
"Adventure,Free to Play,RPG,Simulation,Strategy,Early Access",NA
"Adventure,Free to Play,RPG,Strategy",19.333333333333332
"Adventure,Free to Play,RPG,Strategy,Early Access",NA
"Adventure,Free to Play,Simulation",NA
"Adventure,Free to Play,Simulation,Strategy",94
"Adventure,Free to Play,Sports",NA
"Adventure,Indie",19.646288209606986
"Adventure,Indie,Action",NA
"Adventure,Indie,Action,Casual",NA
"Adventure,Indie,Action,Casual,RPG",NA
"Adventure,Indie,Action,Casual,RPG,Strategy,Early Access",NA
"Adventure,Indie,Action,Early Access,Casual",NA
"Adventure,Indie,Action,Simulation,Strategy",NA
"Adventure,Indie,Casual",NA
"Adventure,Indie,Casual,Action",NA
"Adventure,Indie,Casual,Action,RPG",NA
"Adventure,Indie,Casual,Simulation,Sports",NA
"Adventure,Indie,Casual,Simulation,Strategy",NA
"Adventure,Indie,Casual,Strategy,Action",NA
"Adventure,Indie,Early Access",13.5
"Adventure,Indie,Free to Play,RPG",NA
"Adventure,Indie,Massively Multiplayer",85
"Adventure,Indie,Massively Multiplayer,Early Access",NA
"Adventure,Indie,Massively Multiplayer,RPG",35
"Adventure,Indie,Massively Multiplayer,RPG,Early Access",NA
"Adventure,Indie,Massively Multiplayer,RPG,Simulation,Early Access",NA
"Adventure,Indie,Massively Multiplayer,RPG,Simulation,Strategy,Early Access",NA
"Adventure,Indie,Massively Multiplayer,RPG,Strategy",59
"Adventure,Indie,Massively Multiplayer,Simulation,Early Access",NA
"Adventure,Indie,Massively Multiplayer,Strategy,Early Access",NA
"Adventure,Indie,Movie",NA
"Adventure,Indie,Nudity,Violent",NA
"Adventure,Indie,Racing",125
"Adventure,Indie,Racing,Early Access",42
"Adventure,Indie,Racing,Simulation,Early Access",NA
"Adventure,Indie,Racing,Simulation,Sports",8
"Adventure,Indie,Racing,Strategy,Early Access",NA
"Adventure,Indie,RPG",77.30483271375465
"Adventure,Indie,RPG,Action",NA
"Adventure,Indie,RPG,Action,Casual",NA
"Adventure,Indie,RPG,Action,Casual,Simulation",NA
"Adventure,Indie,RPG,Action,Strategy,Early Access,Simulation",NA
"Adventure,Indie,RPG,Casual",NA
"Adventure,Indie,RPG,Casual,Strategy",NA
"Adventure,Indie,RPG,Casual,Strategy,Simulation,Massively Multiplayer,Early Access",NA
"Adventure,Indie,RPG,Early Access",32.09090909090909
"Adventure,Indie,RPG,Early Access,Casual,Action,Racing",NA
"Adventure,Indie,RPG,Massively Multiplayer",NA
"Adventure,Indie,RPG,Massively Multiplayer,Casual,Strategy,Simulation",NA
"Adventure,Indie,RPG,Nudity",NA
"Adventure,Indie,RPG,Sexual Content,Nudity,Violent,Casual",NA
"Adventure,Indie,RPG,Simulation",53.4
"Adventure,Indie,RPG,Simulation,Casual",NA
"Adventure,Indie,RPG,Simulation,Early Access",22
"Adventure,Indie,RPG,Simulation,Strategy",38.30769230769231
"Adventure,Indie,RPG,Simulation,Strategy,Action,Casual",NA
"Adventure,Indie,RPG,Simulation,Strategy,Action,Massively Multiplayer,Casual",NA
"Adventure,Indie,RPG,Simulation,Strategy,Early Access",42
"Adventure,Indie,RPG,Simulation,Strategy,Sexual Content,Casual",NA
"Adventure,Indie,RPG,Strategy",46.64705882352941
"Adventure,Indie,RPG,Strategy,Action",NA
"Adventure,Indie,RPG,Strategy,Action,Casual",NA
"Adventure,Indie,RPG,Strategy,Action,Violent,Gore",NA
"Adventure,Indie,RPG,Strategy,Casual,Simulation,Action",NA
"Adventure,Indie,RPG,Strategy,Early Access",55.54545454545455
"Adventure,Indie,Simulation",24.016666666666666
"Adventure,Indie,Simulation,Action",NA
"Adventure,Indie,Simulation,Action,Casual,Sports,Strategy,Racing",NA
"Adventure,Indie,Simulation,Casual,Action,Massively Multiplayer,Early Access,Strategy",NA
"Adventure,Indie,Simulation,Early Access",17.333333333333332
"Adventure,Indie,Simulation,Sports",NA
"Adventure,Indie,Simulation,Strategy",28.75
"Adventure,Indie,Simulation,Strategy,Action,Casual,RPG,Sports",NA
"Adventure,Indie,Simulation,Strategy,Early Access",46.333333333333336
"Adventure,Indie,Sports",9
"Adventure,Indie,Strategy",30.2
"Adventure,Indie,Strategy,Action",NA
"Adventure,Indie,Strategy,Action,Casual,RPG,Sports,Simulation,Sexual Content",NA
"Adventure,Indie,Strategy,Action,Simulation",NA
"Adventure,Indie,Strategy,Casual,Action",NA
"Adventure,Indie,Strategy,Casual,Simulation",NA
"Adventure,Indie,Strategy,Early Access",11
"Adventure,Indie,Strategy,Simulation",NA
"Adventure,Indie,Violent,Action",NA
"Adventure,Indie,Violent,Gore",NA
"Adventure,Massively Multiplayer,RPG",NA
"Adventure,Massively Multiplayer,RPG,Simulation",NA
"Adventure,Massively Multiplayer,RPG,Simulation,Early Access",NA
"Adventure,Massively Multiplayer,RPG,Strategy",1448
"Adventure,Massively Multiplayer,Strategy,Early Access",17
"Adventure,Nudity",NA
"Adventure,Racing",3
"Adventure,Racing,Simulation,Sports",54
"Adventure,RPG",38.96666666666667
"Adventure,RPG,Action",NA
"Adventure,RPG,Action,Indie",NA
"Adventure,RPG,Action,Indie,Strategy",NA
"Adventure,RPG,Action,Strategy",NA
"Adventure,RPG,Early Access",25.5
"Adventure,RPG,Indie",NA
"Adventure,RPG,Sexual Content",NA
"Adventure,RPG,Simulation",15.6
"Adventure,RPG,Simulation,Strategy",59
"Adventure,RPG,Simulation,Strategy,Action",NA
"Adventure,RPG,Strategy",49.3125
"Adventure,RPG,Strategy,Early Access",NA
"Adventure,Simulation",18.9
"Adventure,Simulation,Early Access",10
"Adventure,Simulation,Sports",62
"Adventure,Simulation,Strategy",27.666666666666668
"Adventure,Simulation,Strategy,Early Access",6
"Adventure,Simulation,Strategy,Indie",NA
"Adventure,Sports",NA
"Adventure,Strategy",32.84615384615385
"Adventure,Strategy,Early Access",NA
"Adventure,Strategy,Indie",NA
"Adventure,Strategy,RPG,Indie",NA
"Adventure,Violent",NA
"Adventure,Violent,Gore",NA
Animation & Modeling,NA
"Animation & Modeling,Audio Production,Design & Illustration,Education,Early Access",NA
"Animation & Modeling,Audio Production,Design & Illustration,Utilities,Early Access",NA
"Animation & Modeling,Audio Production,Design & Illustration,Utilities,Video Production",NA
"Animation & Modeling,Audio Production,Design & Illustration,Utilities,Video Production,Web Publishing",NA
"Animation & Modeling,Audio Production,Utilities",NA
"Animation & Modeling,Audio Production,Utilities,Video Production",NA
"Animation & Modeling,Audio Production,Video Production",NA
"Animation & Modeling,Design & Illustration",NA
"Animation & Modeling,Design & Illustration,Early Access",NA
"Animation & Modeling,Design & Illustration,Education",30
"Animation & Modeling,Design & Illustration,Education,Early Access",NA
"Animation & Modeling,Design & Illustration,Education,Photo Editing,Software Training,Video Production",NA
"Animation & Modeling,Design & Illustration,Education,Software Training,Utilities",3
"Animation & Modeling,Design & Illustration,Education,Software Training,Utilities,Early Access",NA
"Animation & Modeling,Design & Illustration,Education,Software Training,Utilities,Game Development",NA
"Animation & Modeling,Design & Illustration,Education,Software Training,Utilities,Game Development,Action,Adventure",NA
"Animation & Modeling,Design & Illustration,Education,Software Training,Utilities,Game Development,Action,Adventure,Indie,Simulation",NA
"Animation & Modeling,Design & Illustration,Education,Software Training,Utilities,Game Development,Action,Adventure,Web Publishing",NA
"Animation & Modeling,Design & Illustration,Education,Software Training,Utilities,Game Development,Action,Indie,Simulation,Adventure",NA
"Animation & Modeling,Design & Illustration,Education,Software Training,Utilities,Video Production,Web Publishing,Game Development",11
"Animation & Modeling,Design & Illustration,Education,Software Training,Utilities,Web Publishing",NA
"Animation & Modeling,Design & Illustration,Education,Software Training,Utilities,Web Publishing,Game Development",NA
"Animation & Modeling,Design & Illustration,Education,Software Training,Video Production,Web Publishing",NA
"Animation & Modeling,Design & Illustration,Education,Utilities",NA
"Animation & Modeling,Design & Illustration,Education,Utilities,Early Access",NA
"Animation & Modeling,Design & Illustration,Education,Video Production,Game Development,Early Access",NA
"Animation & Modeling,Design & Illustration,Game Development",NA
"Animation & Modeling,Design & Illustration,Game Development,Early Access",NA
"Animation & Modeling,Design & Illustration,Photo Editing",NA
"Animation & Modeling,Design & Illustration,Photo Editing,Software Training,Utilities,Video Production,Education",NA
"Animation & Modeling,Design & Illustration,Photo Editing,Utilities",10
"Animation & Modeling,Design & Illustration,Photo Editing,Utilities,Video Production,Web Publishing,Game Development",NA
"Animation & Modeling,Design & Illustration,Photo Editing,Video Production",NA
"Animation & Modeling,Design & Illustration,Utilities",17.5
"Animation & Modeling,Design & Illustration,Utilities,Early Access",NA
"Animation & Modeling,Design & Illustration,Utilities,Game Development",NA
"Animation & Modeling,Design & Illustration,Utilities,Video Production",16
"Animation & Modeling,Design & Illustration,Utilities,Video Production,Early Access",NA
"Animation & Modeling,Design & Illustration,Utilities,Web Publishing",NA
"Animation & Modeling,Design & Illustration,Utilities,Web Publishing,Early Access",NA
"Animation & Modeling,Design & Illustration,Video Production",NA
"Animation & Modeling,Design & Illustration,Web Publishing",14
"Animation & Modeling,Early Access",NA
"Animation & Modeling,Education",NA
"Animation & Modeling,Education,Early Access",NA
"Animation & Modeling,Education,Software Training,Utilities",NA
"Animation & Modeling,Education,Utilities,Video Production,Early Access",NA
"Animation & Modeling,Education,Utilities,Web Publishing",NA
"Animation & Modeling,Game Development",NA
"Animation & Modeling,Software Training,Utilities,Early Access",NA
"Animation & Modeling,Utilities",NA
"Animation & Modeling,Utilities,Design & Illustration,Photo Editing",NA
"Animation & Modeling,Utilities,Early Access",NA
"Animation & Modeling,Utilities,Video Production",NA
"Animation & Modeling,Video Production",38
"Animation & Modeling,Video Production,Early Access",NA
"Animation & Modeling,Video Production,Game Development",NA
"Animation & Modeling,Web Publishing,Design & Illustration",NA
Audio Production,11
"Audio Production,Design & Illustration,Utilities,Video Production",NA
"Audio Production,Design & Illustration,Utilities,Video Production,Animation & Modeling",NA
"Audio Production,Design & Illustration,Utilities,Video Production,Web Publishing",NA
"Audio Production,Design & Illustration,Utilities,Video Production,Web Publishing,Animation & Modeling",NA
"Audio Production,Design & Illustration,Utilities,Video Production,Web Publishing,Photo Editing",NA
"Audio Production,Early Access",NA
"Audio Production,Education",NA
"Audio Production,Education,Software Training,Utilities,Early Access",NA
"Audio Production,Education,Software Training,Video Production,Web Publishing",NA
"Audio Production,Education,Utilities,Early Access",NA
"Audio Production,Education,Utilities,Video Production",NA
"Audio Production,Software Training,Utilities,Video Production",10
"Audio Production,Software Training,Utilities,Video Production,Animation & Modeling",NA
"Audio Production,Software Training,Utilities,Video Production,Web Publishing",NA
"Audio Production,Utilities",8.666666666666666
"Audio Production,Utilities,Early Access",2
"Audio Production,Utilities,Indie",NA
"Audio Production,Utilities,Video Production",NA
"Audio Production,Utilities,Video Production,Design & Illustration",NA
"Audio Production,Utilities,Video Production,Design & Illustration,Photo Editing",NA
"Audio Production,Utilities,Video Production,Early Access",NA
"Audio Production,Video Production",NA
"Audio Production,Video Production,Utilities",NA
Casual,174.5808823529412
"Casual,Action,Indie,Simulation,Sports,Strategy",NA
"Casual,Adventure",NA
"Casual,Adventure,Simulation",NA
"Casual,Animation & Modeling,Design & Illustration",3
"Casual,Animation & Modeling,Video Production",NA
"Casual,Early Access",13.666666666666666
"Casual,Early Access,Indie,Simulation,Strategy",NA
"Casual,Free to Play",47.57142857142857
"Casual,Free to Play,Early Access",NA
"Casual,Free to Play,Indie",179.37209302325581
"Casual,Free to Play,Indie,Accounting,Animation & Modeling,Audio Production,Design & Illustration,Education,Photo Editing,Software Training,Utilities,Video Production,Web Publishing",NA
"Casual,Free to Play,Indie,Early Access",27
"Casual,Free to Play,Indie,Massively Multiplayer,RPG",32
"Casual,Free to Play,Indie,Massively Multiplayer,RPG,Simulation",191
"Casual,Free to Play,Indie,Massively Multiplayer,RPG,Strategy",NA
"Casual,Free to Play,Indie,Massively Multiplayer,Simulation,Early Access",NA
"Casual,Free to Play,Indie,Massively Multiplayer,Simulation,Sports",NA
"Casual,Free to Play,Indie,Massively Multiplayer,Simulation,Sports,Strategy",38
"Casual,Free to Play,Indie,Massively Multiplayer,Simulation,Strategy",NA
"Casual,Free to Play,Indie,Massively Multiplayer,Strategy",27.5
"Casual,Free to Play,Indie,Massively Multiplayer,Strategy,Simulation",NA
"Casual,Free to Play,Indie,Racing",NA
"Casual,Free to Play,Indie,Racing,Early Access",6
"Casual,Free to Play,Indie,Racing,Simulation",13
"Casual,Free to Play,Indie,Racing,Simulation,Early Access",NA
"Casual,Free to Play,Indie,Racing,Simulation,Sports,Strategy",NA
"Casual,Free to Play,Indie,Racing,Sports",NA
"Casual,Free to Play,Indie,Racing,Strategy",26
"Casual,Free to Play,Indie,RPG",9.4
"Casual,Free to Play,Indie,RPG,Simulation",50
"Casual,Free to Play,Indie,RPG,Simulation,Strategy",2
"Casual,Free to Play,Indie,RPG,Simulation,Strategy,Early Access",104
"Casual,Free to Play,Indie,RPG,Strategy",NA
"Casual,Free to Play,Indie,RPG,Strategy,Early Access",16
"Casual,Free to Play,Indie,Simulation",36.22222222222222
"Casual,Free to Play,Indie,Simulation,Adventure",NA
"Casual,Free to Play,Indie,Simulation,Early Access",14
"Casual,Free to Play,Indie,Simulation,Sports",43.5
"Casual,Free to Play,Indie,Simulation,Sports,Early Access",NA
"Casual,Free to Play,Indie,Simulation,Sports,Strategy",38
"Casual,Free to Play,Indie,Simulation,Sports,Strategy,Action,Adventure",NA
"Casual,Free to Play,Indie,Simulation,Sports,Strategy,Adventure,Action",NA
"Casual,Free to Play,Indie,Simulation,Strategy",218.66666666666666
"Casual,Free to Play,Indie,Simulation,Strategy,Early Access",NA
"Casual,Free to Play,Indie,Sports",108
"Casual,Free to Play,Indie,Strategy",53.5
"Casual,Free to Play,Indie,Strategy,Early Access",27.5
"Casual,Free to Play,Massively Multiplayer",NA
"Casual,Free to Play,Massively Multiplayer,Early Access",NA
"Casual,Free to Play,Massively Multiplayer,Education",NA
"Casual,Free to Play,Massively Multiplayer,RPG",NA
"Casual,Free to Play,Massively Multiplayer,RPG,Early Access",NA
"Casual,Free to Play,Massively Multiplayer,RPG,Simulation,Strategy",NA
"Casual,Free to Play,Massively Multiplayer,RPG,Sports,Early Access",NA
"Casual,Free to Play,Massively Multiplayer,Simulation",44
"Casual,Free to Play,Massively Multiplayer,Simulation,Sports",NA
"Casual,Free to Play,Massively Multiplayer,Simulation,Sports,Strategy",NA
"Casual,Free to Play,Massively Multiplayer,Sports",NA
"Casual,Free to Play,Massively Multiplayer,Strategy",36.333333333333336
"Casual,Free to Play,Racing",NA
"Casual,Free to Play,RPG",24
"Casual,Free to Play,RPG,Simulation",62
"Casual,Free to Play,RPG,Simulation,Strategy",NA
"Casual,Free to Play,Simulation",33
"Casual,Free to Play,Simulation,Animation & Modeling,Design & Illustration,Game Development",NA
"Casual,Free to Play,Simulation,Animation & Modeling,Early Access",NA
"Casual,Free to Play,Simulation,Early Access",NA
"Casual,Free to Play,Simulation,Sports",NA
"Casual,Free to Play,Simulation,Strategy",42
"Casual,Free to Play,Sports",7
"Casual,Free to Play,Sports,Strategy",NA
"Casual,Free to Play,Strategy",137.5
"Casual,Free to Play,Strategy,Early Access",14
"Casual,Game Development",NA
"Casual,Indie",106.23096129837703
"Casual,Indie,Action",NA
"Casual,Indie,Action,Adventure",NA
"Casual,Indie,Action,Adventure,RPG",NA
"Casual,Indie,Action,Adventure,Strategy,Simulation",NA
"Casual,Indie,Action,Strategy",NA
"Casual,Indie,Adventure",NA
"Casual,Indie,Adventure,Action",NA
"Casual,Indie,Adventure,Free to Play",NA
"Casual,Indie,Adventure,RPG,Early Access",NA
"Casual,Indie,Adventure,Simulation,Sports",NA
"Casual,Indie,Adventure,Sports,Action,Massively Multiplayer",NA
"Casual,Indie,Animation & Modeling,Design & Illustration,Utilities,Early Access",NA
"Casual,Indie,Audio Production,Early Access",NA
"Casual,Indie,Early Access",20.38888888888889
"Casual,Indie,Education",NA
"Casual,Indie,Massively Multiplayer",6
"Casual,Indie,Massively Multiplayer,Early Access",1
"Casual,Indie,Massively Multiplayer,Racing",11
"Casual,Indie,Massively Multiplayer,RPG,Early Access",66
"Casual,Indie,Massively Multiplayer,Simulation",NA
"Casual,Indie,Massively Multiplayer,Simulation,Sports",NA
"Casual,Indie,Massively Multiplayer,Simulation,Sports,Early Access",12
"Casual,Indie,Massively Multiplayer,Simulation,Sports,Early Access,Strategy",NA
"Casual,Indie,Massively Multiplayer,Simulation,Strategy",NA
"Casual,Indie,Massively Multiplayer,Sports",NA
"Casual,Indie,Massively Multiplayer,Strategy",58.5
"Casual,Indie,Massively Multiplayer,Strategy,Early Access",NA
"Casual,Indie,Racing",29.64516129032258
"Casual,Indie,Racing,Action,Adventure,Early Access",NA
"Casual,Indie,Racing,Adventure",NA
"Casual,Indie,Racing,Adventure,RPG,Action",NA
"Casual,Indie,Racing,Early Access",50
"Casual,Indie,Racing,RPG",NA
"Casual,Indie,Racing,RPG,Simulation,Sports",NA
"Casual,Indie,Racing,RPG,Simulation,Strategy",20
"Casual,Indie,Racing,RPG,Violent,Gore,Audio Production,Utilities,Adventure,Early Access",NA
"Casual,Indie,Racing,Simulation",21
"Casual,Indie,Racing,Simulation,Early Access",NA
"Casual,Indie,Racing,Simulation,Sports",61.333333333333336
"Casual,Indie,Racing,Simulation,Sports,Early Access",10
"Casual,Indie,Racing,Simulation,Strategy",NA
"Casual,Indie,Racing,Sports",18.4
"Casual,Indie,Racing,Sports,Early Access",NA
"Casual,Indie,Racing,Strategy",28
"Casual,Indie,Racing,Strategy,Early Access",NA
"Casual,Indie,RPG",20.545454545454547
"Casual,Indie,RPG,Early Access",NA
"Casual,Indie,RPG,Simulation",47.1578947368421
"Casual,Indie,RPG,Simulation,Action,Adventure",NA
"Casual,Indie,RPG,Simulation,Early Access",27
"Casual,Indie,RPG,Simulation,Sports,Strategy",25
"Casual,Indie,RPG,Simulation,Strategy",38.57142857142857
"Casual,Indie,RPG,Simulation,Strategy,Adventure,Racing",NA
"Casual,Indie,RPG,Simulation,Strategy,Early Access",17
"Casual,Indie,RPG,Simulation,Strategy,Racing",NA
"Casual,Indie,RPG,Strategy",46.53846153846154
"Casual,Indie,RPG,Strategy,Action,Adventure",NA
"Casual,Indie,RPG,Strategy,Action,Early Access",NA
"Casual,Indie,RPG,Strategy,Early Access",80
"Casual,Indie,RPG,Strategy,Free to Play,Early Access",NA
"Casual,Indie,Sexual Content",NA
"Casual,Indie,Simulation",166.731843575419
"Casual,Indie,Simulation,Accounting,Design & Illustration,Software Training,Web Publishing,Documentary,Tutorial",NA
"Casual,Indie,Simulation,Action,Adventure,Free to Play,Racing,RPG",NA
"Casual,Indie,Simulation,Action,Early Access",NA
"Casual,Indie,Simulation,Action,Free to Play,Adventure",NA
"Casual,Indie,Simulation,Action,Sports",NA
"Casual,Indie,Simulation,Adventure",NA
"Casual,Indie,Simulation,Adventure,Action",NA
"Casual,Indie,Simulation,Adventure,Sexual Content",NA
"Casual,Indie,Simulation,Adventure,Strategy",NA
"Casual,Indie,Simulation,Animation & Modeling,Design & Illustration",NA
"Casual,Indie,Simulation,Audio Production,Education,Software Training,Game Development",NA
"Casual,Indie,Simulation,Early Access",31.666666666666668
"Casual,Indie,Simulation,Education",NA
"Casual,Indie,Simulation,Racing",NA
"Casual,Indie,Simulation,RPG",NA
"Casual,Indie,Simulation,Sexual Content",NA
"Casual,Indie,Simulation,Sexual Content,Nudity,RPG,Strategy",NA
"Casual,Indie,Simulation,Sexual Content,Nudity,Violent,Gore,Adventure,RPG",NA
"Casual,Indie,Simulation,Sports",28.11111111111111
"Casual,Indie,Simulation,Sports,Early Access",24
"Casual,Indie,Simulation,Sports,Strategy",34.25
"Casual,Indie,Simulation,Sports,Strategy,Free to Play,Adventure,Action",NA
"Casual,Indie,Simulation,Strategy",336.8876404494382
"Casual,Indie,Simulation,Strategy,Action",NA
"Casual,Indie,Simulation,Strategy,Action,Adventure,Sexual Content",NA
"Casual,Indie,Simulation,Strategy,Early Access",26.6
"Casual,Indie,Simulation,Strategy,Violent",NA
"Casual,Indie,Sports",28.5
"Casual,Indie,Sports,Action,Simulation,Early Access,Strategy",NA
"Casual,Indie,Sports,Early Access",23.22222222222222
"Casual,Indie,Sports,Strategy",28
"Casual,Indie,Sports,Strategy,Action,Adventure,RPG",NA
"Casual,Indie,Sports,Strategy,Early Access",NA
"Casual,Indie,Strategy",288.45726495726495
"Casual,Indie,Strategy,Action",NA
"Casual,Indie,Strategy,Action,Adventure",NA
"Casual,Indie,Strategy,Action,Adventure,Free to Play,Massively Multiplayer,Simulation",NA
"Casual,Indie,Strategy,Adventure",NA
"Casual,Indie,Strategy,Adventure,Action",NA
"Casual,Indie,Strategy,Adventure,RPG",NA
"Casual,Indie,Strategy,Adventure,Simulation",NA
"Casual,Indie,Strategy,Early Access",23.6
"Casual,Indie,Strategy,Early Access,Adventure,Action,Racing,Simulation",NA
"Casual,Indie,Strategy,Sexual Content,Violent,Gore,Adventure",NA
"Casual,Indie,Strategy,Violent,Gore,Free to Play,Action",NA
"Casual,Indie,Utilities",NA
"Casual,Massively Multiplayer,Early Access",4
"Casual,Massively Multiplayer,Simulation",10
"Casual,Massively Multiplayer,Simulation,Strategy",29
"Casual,Racing",26.5
"Casual,Racing,Action,Adventure",NA
"Casual,Racing,Action,Adventure,Indie,Early Access,Simulation,Strategy",NA
"Casual,Racing,Early Access",NA
"Casual,Racing,Simulation",26
"Casual,Racing,Simulation,Early Access",90
"Casual,Racing,Simulation,Free to Play,Indie,Adventure",NA
"Casual,Racing,Simulation,Sports",NA
"Casual,Racing,Sports",21
"Casual,RPG",24
"Casual,RPG,Early Access",3
"Casual,RPG,Indie",NA
"Casual,RPG,Simulation",29.5
"Casual,RPG,Simulation,Strategy",NA
"Casual,RPG,Strategy",NA
"Casual,RPG,Strategy,Early Access",59
"Casual,Simulation",22.43243243243243
"Casual,Simulation,Action,Indie",NA
"Casual,Simulation,Action,Indie,Strategy,Early Access,Adventure",NA
"Casual,Simulation,Adventure,Indie,RPG",NA
"Casual,Simulation,Animation & Modeling,Design & Illustration,Utilities",NA
"Casual,Simulation,Early Access",14.4
"Casual,Simulation,Free to Play",NA
"Casual,Simulation,Indie",NA
"Casual,Simulation,Indie,Strategy",NA
"Casual,Simulation,Sexual Content,Indie",NA
"Casual,Simulation,Sports",34.30769230769231
"Casual,Simulation,Sports,Action,Adventure,Indie,Early Access",NA
"Casual,Simulation,Sports,Early Access",NA
"Casual,Simulation,Sports,Free to Play,Indie,Action",NA
"Casual,Simulation,Sports,Indie",NA
"Casual,Simulation,Sports,Strategy",34
"Casual,Simulation,Strategy",45.53846153846154
"Casual,Simulation,Strategy,Adventure",NA
"Casual,Simulation,Strategy,Adventure,Indie",NA
"Casual,Simulation,Strategy,Early Access",NA
"Casual,Sports",24
"Casual,Sports,Early Access",NA
"Casual,Strategy",236.47826086956522
"Casual,Strategy,Early Access",17
"Casual,Strategy,Indie",NA
"Casual,Strategy,Simulation",NA
"Casual,Strategy,Simulation,Action,Adventure,Indie,Early Access",NA
"Casual,Strategy,Simulation,Early Access",NA
"Casual,Utilities",NA
Design & Illustration,48
"Design & Illustration,Early Access",NA
"Design & Illustration,Education",NA
"Design & Illustration,Education,Photo Editing,Software Training",NA
"Design & Illustration,Education,Photo Editing,Software Training,Utilities",NA
"Design & Illustration,Education,Software Training,Utilities",NA
"Design & Illustration,Education,Software Training,Utilities,Animation & Modeling",NA
"Design & Illustration,Education,Software Training,Utilities,Early Access",NA
"Design & Illustration,Education,Software Training,Utilities,Web Publishing,Game Development",NA
"Design & Illustration,Education,Utilities",NA
"Design & Illustration,Education,Utilities,Early Access",NA
"Design & Illustration,Game Development",NA
"Design & Illustration,Photo Editing",NA
"Design & Illustration,Photo Editing,Software Training,Utilities",NA
"Design & Illustration,Photo Editing,Utilities",NA
"Design & Illustration,Photo Editing,Utilities,Game Development",NA
"Design & Illustration,Photo Editing,Video Production",NA
"Design & Illustration,Photo Editing,Web Publishing",NA
"Design & Illustration,Utilities",11.5
"Design & Illustration,Utilities,Early Access",NA
"Design & Illustration,Utilities,Game Development",NA
"Design & Illustration,Utilities,Game Development,Early Access",NA
"Design & Illustration,Utilities,Web Publishing",17
"Design & Illustration,Utilities,Web Publishing,Game Development",NA
"Design & Illustration,Video Production",NA
"Design & Illustration,Web Publishing",NA
"Design & Illustration,Web Publishing,Game Development",NA
Early Access,15
Education,NA
"Education,Accounting",NA
"Education,Early Access",7
"Education,Game Development",NA
"Education,Software Training",NA
"Education,Software Training,Early Access",NA
"Education,Software Training,Indie,Simulation,Strategy,Action,Early Access",NA
"Education,Software Training,Utilities",NA
"Education,Software Training,Utilities,Video Production",NA
"Education,Software Training,Utilities,Web Publishing,Game Development",12
"Education,Utilities",NA
"Education,Utilities,Game Development,Early Access",NA
"Education,Utilities,Video Production",NA
"Education,Video Production",NA
Free to Play,40.875
"Free to Play,Design & Illustration",NA
"Free to Play,Early Access",NA
"Free to Play,Indie",15
"Free to Play,Indie,Animation & Modeling,Design & Illustration,Education,Software Training,Utilities,Web Publishing,Early Access",NA
"Free to Play,Indie,Early Access",9
"Free to Play,Indie,Massively Multiplayer",14
"Free to Play,Indie,Massively Multiplayer,Racing,RPG,Strategy",NA
"Free to Play,Indie,Massively Multiplayer,Racing,Simulation,Sports,Strategy",NA
"Free to Play,Indie,Massively Multiplayer,RPG",39
"Free to Play,Indie,Massively Multiplayer,RPG,Early Access",NA
"Free to Play,Indie,Massively Multiplayer,RPG,Simulation,Strategy",57.5
"Free to Play,Indie,Massively Multiplayer,RPG,Simulation,Strategy,Early Access",NA
"Free to Play,Indie,Massively Multiplayer,RPG,Strategy",324
"Free to Play,Indie,Massively Multiplayer,Simulation,Sports,Strategy",NA
"Free to Play,Indie,Massively Multiplayer,Strategy",36.714285714285715
"Free to Play,Indie,Massively Multiplayer,Strategy,Early Access",NA
"Free to Play,Indie,Racing",NA
"Free to Play,Indie,Racing,Simulation",NA
"Free to Play,Indie,Racing,Simulation,Early Access",NA
"Free to Play,Indie,Racing,Simulation,Sports",NA
"Free to Play,Indie,Racing,Simulation,Sports,Early Access",NA
"Free to Play,Indie,Racing,Sports",9
"Free to Play,Indie,Racing,Strategy",7
"Free to Play,Indie,Racing,Strategy,Action,Adventure",NA
"Free to Play,Indie,RPG",29.666666666666668
"Free to Play,Indie,RPG,Simulation",67
"Free to Play,Indie,RPG,Simulation,Strategy",NA
"Free to Play,Indie,RPG,Strategy",50.75
"Free to Play,Indie,RPG,Strategy,Early Access",NA
"Free to Play,Indie,Simulation",13
"Free to Play,Indie,Simulation,Sports",NA
"Free to Play,Indie,Simulation,Strategy",NA
"Free to Play,Indie,Simulation,Strategy,Early Access",114
"Free to Play,Indie,Sports",NA
"Free to Play,Indie,Sports,Strategy",NA
"Free to Play,Indie,Strategy",26.09090909090909
"Free to Play,Indie,Strategy,Early Access",39.25
"Free to Play,Massively Multiplayer",NA
"Free to Play,Massively Multiplayer,Early Access",NA
"Free to Play,Massively Multiplayer,Racing",13
"Free to Play,Massively Multiplayer,RPG",227.88888888888889
"Free to Play,Massively Multiplayer,RPG,Simulation,Strategy",NA
"Free to Play,Massively Multiplayer,RPG,Strategy",72.5
"Free to Play,Massively Multiplayer,RPG,Strategy,Early Access",NA
"Free to Play,Massively Multiplayer,Simulation",20
"Free to Play,Massively Multiplayer,Simulation,Sports",NA
"Free to Play,Massively Multiplayer,Simulation,Strategy",65.75
"Free to Play,Massively Multiplayer,Sports",30
"Free to Play,Massively Multiplayer,Strategy",53.285714285714285
"Free to Play,Massively Multiplayer,Strategy,Early Access",34.5
"Free to Play,Racing,Simulation,Early Access",40
"Free to Play,Racing,Simulation,Sports",NA
"Free to Play,Racing,Simulation,Sports,Early Access",59
"Free to Play,RPG",23.5
"Free to Play,RPG,Early Access",NA
"Free to Play,RPG,Simulation",35
"Free to Play,RPG,Simulation,Early Access",NA
"Free to Play,RPG,Strategy",32
"Free to Play,RPG,Strategy,Early Access",76
"Free to Play,Simulation",74.33333333333333
"Free to Play,Simulation,Animation & Modeling,Design & Illustration",NA
"Free to Play,Simulation,Animation & Modeling,Design & Illustration,Game Development",NA
"Free to Play,Simulation,Early Access",NA
"Free to Play,Simulation,Sports",225
"Free to Play,Simulation,Strategy",50.75
"Free to Play,Sports",NA
"Free to Play,Sports,Strategy",NA
"Free to Play,Strategy",56.27272727272727
"Free to Play,Strategy,Early Access",18
Game Development,NA
"Gore,Adventure,Indie,Action",NA
"Gore,Adventure,Indie,Strategy,Simulation",NA
HTC,NA
Indie,75.67714285714285
"Indie,Action",NA
"Indie,Action,Adventure",NA
"Indie,Action,Adventure,Casual,RPG",NA
"Indie,Action,Adventure,RPG",NA
"Indie,Adventure",NA
"Indie,Adventure,RPG,Casual,Action",NA
"Indie,Animation & Modeling",NA
"Indie,Audio Production",NA
"Indie,Audio Production,Utilities",10
"Indie,Casual",18.142857142857142
"Indie,Casual,Racing,Action",NA
"Indie,Casual,Strategy,Action,Adventure",NA
"Indie,Early Access",19.545454545454547
"Indie,Early Access,Action,Adventure,Casual,Simulation,RPG",NA
"Indie,Early Access,Sexual Content,Action,Strategy",NA
"Indie,Massively Multiplayer",4
"Indie,Massively Multiplayer,Racing,Simulation",NA
"Indie,Massively Multiplayer,Racing,Simulation,Early Access",13
"Indie,Massively Multiplayer,Racing,Simulation,Sports",NA
"Indie,Massively Multiplayer,RPG",18.2
"Indie,Massively Multiplayer,RPG,Early Access",NA
"Indie,Massively Multiplayer,RPG,Simulation",NA
"Indie,Massively Multiplayer,RPG,Simulation,Strategy",601
"Indie,Massively Multiplayer,RPG,Strategy",37.5
"Indie,Massively Multiplayer,RPG,Strategy,Early Access",1
"Indie,Massively Multiplayer,Simulation",18
"Indie,Massively Multiplayer,Simulation,Early Access",NA
"Indie,Massively Multiplayer,Simulation,Sports,Early Access",NA
"Indie,Massively Multiplayer,Simulation,Strategy",NA
"Indie,Massively Multiplayer,Simulation,Strategy,Early Access",9
"Indie,Massively Multiplayer,Strategy",24
"Indie,Nudity",NA
"Indie,Racing",91.17647058823529
"Indie,Racing,Casual",NA
"Indie,Racing,Early Access",5
"Indie,Racing,RPG,Sports",12
"Indie,Racing,Simulation",25
"Indie,Racing,Simulation,Early Access",30
"Indie,Racing,Simulation,Sports",89.81818181818181
"Indie,Racing,Simulation,Sports,Early Access",NA
"Indie,Racing,Simulation,Sports,Strategy",NA
"Indie,Racing,Simulation,Strategy",NA
"Indie,Racing,Sports",17.1
"Indie,Racing,Sports,Action",NA
"Indie,Racing,Sports,Early Access",NA
"Indie,Racing,Sports,Strategy,Early Access",6
"Indie,Racing,Strategy",20
"Indie,RPG",37.707070707070706
"Indie,RPG,Action",NA
"Indie,RPG,Action,Simulation,Strategy",NA
"Indie,RPG,Adventure",NA
"Indie,RPG,Adventure,Simulation,Strategy",NA
"Indie,RPG,Casual",NA
"Indie,RPG,Early Access",11.25
"Indie,RPG,Simulation",32.333333333333336
"Indie,RPG,Simulation,Early Access",24.333333333333332
"Indie,RPG,Simulation,Early Access,Strategy",NA
"Indie,RPG,Simulation,Sports",NA
"Indie,RPG,Simulation,Sports,Strategy",38
"Indie,RPG,Simulation,Sports,Strategy,Early Access",35
"Indie,RPG,Simulation,Strategy",41.458333333333336
"Indie,RPG,Simulation,Strategy,Adventure",NA
"Indie,RPG,Simulation,Strategy,Casual",NA
"Indie,RPG,Simulation,Strategy,Early Access",68.75
"Indie,RPG,Sports,Strategy",45
"Indie,RPG,Sports,Strategy,Early Access",24
"Indie,RPG,Strategy",39.57142857142857
"Indie,RPG,Strategy,Action,Adventure,Casual",NA
"Indie,RPG,Strategy,Action,Adventure,Casual,Simulation",NA
"Indie,RPG,Strategy,Action,Simulation,Early Access,Adventure",NA
"Indie,RPG,Strategy,Adventure",NA
"Indie,RPG,Strategy,Adventure,Action",NA
"Indie,RPG,Strategy,Adventure,Simulation",NA
"Indie,RPG,Strategy,Casual",NA
"Indie,RPG,Strategy,Casual,Adventure",NA
"Indie,RPG,Strategy,Early Access",33.125
"Indie,RPG,Strategy,Early Access,Action,Adventure,Casual,Racing,Sports,Nudity,Simulation,Violent,Gore",NA
"Indie,RPG,Strategy,Simulation",NA
"Indie,RPG,Strategy,Simulation,Action",NA
"Indie,Simulation",26.990291262135923
"Indie,Simulation,Action",NA
"Indie,Simulation,Action,Adventure,Casual,RPG,Violent,Racing,Sports",NA
"Indie,Simulation,Action,Casual,Sports",NA
"Indie,Simulation,Action,Early Access",NA
"Indie,Simulation,Action,Strategy",NA
"Indie,Simulation,Adventure",NA
"Indie,Simulation,Adventure,Casual,Strategy",NA
"Indie,Simulation,Adventure,Strategy",NA
"Indie,Simulation,Audio Production,Early Access",8
"Indie,Simulation,Casual",NA
"Indie,Simulation,Casual,Early Access,Action",NA
"Indie,Simulation,Casual,Racing",NA
"Indie,Simulation,Casual,Strategy,Early Access",NA
"Indie,Simulation,Early Access",11.545454545454545
"Indie,Simulation,Early Access,Action,Sports,Racing",NA
"Indie,Simulation,Racing,Action,Adventure",NA
"Indie,Simulation,Sexual Content,Violent,Gore,Casual",NA
"Indie,Simulation,Sports",20.6
"Indie,Simulation,Sports,Action",NA
"Indie,Simulation,Sports,Adventure,Casual",NA
"Indie,Simulation,Sports,Casual",NA
"Indie,Simulation,Sports,Early Access",11
"Indie,Simulation,Sports,Strategy",67.16666666666667
"Indie,Simulation,Sports,Strategy,Early Access",23
"Indie,Simulation,Strategy",33.510791366906474
"Indie,Simulation,Strategy,Action,Adventure,Casual,RPG,Early Access",NA
"Indie,Simulation,Strategy,Action,Adventure,Massively Multiplayer,RPG,Casual",NA
"Indie,Simulation,Strategy,Action,Racing,Adventure,RPG",NA
"Indie,Simulation,Strategy,Adventure,Casual",NA
"Indie,Simulation,Strategy,Adventure,RPG",NA
"Indie,Simulation,Strategy,Casual",NA
"Indie,Simulation,Strategy,Casual,Action",NA
"Indie,Simulation,Strategy,Casual,RPG,Action",NA
"Indie,Simulation,Strategy,Early Access",30.857142857142858
"Indie,Simulation,Strategy,Early Access,Casual",NA
"Indie,Simulation,Strategy,RPG",NA
"Indie,Sports",16.789473684210527
"Indie,Sports,Action,Adventure",NA
"Indie,Sports,Action,Casual,RPG",NA
"Indie,Sports,Early Access",NA
"Indie,Sports,Strategy",17
"Indie,Sports,Strategy,Early Access",NA
"Indie,Strategy",33.53225806451613
"Indie,Strategy,Action,Adventure",NA
"Indie,Strategy,Action,Casual",NA
"Indie,Strategy,Action,Early Access",NA
"Indie,Strategy,Adventure",NA
"Indie,Strategy,Adventure,Casual,Simulation",NA
"Indie,Strategy,Adventure,Simulation",NA
"Indie,Strategy,Casual",NA
"Indie,Strategy,Casual,Action,Adventure,Racing,Early Access",NA
"Indie,Strategy,Early Access",26.107142857142858
"Indie,Strategy,RPG",NA
"Indie,Strategy,Simulation",NA
"Indie,Strategy,Simulation,Casual,Massively Multiplayer",NA
"Indie,Strategy,Sports,Adventure,RPG",NA
Massively Multiplayer,NA
"Massively Multiplayer,Early Access",NA
"Massively Multiplayer,Racing",NA
"Massively Multiplayer,Racing,Simulation,Sports",44.5
"Massively Multiplayer,Racing,Strategy",NA
"Massively Multiplayer,RPG",NA
"Massively Multiplayer,RPG,Early Access",NA
"Massively Multiplayer,RPG,Simulation",NA
"Massively Multiplayer,RPG,Strategy",55
"Massively Multiplayer,RPG,Utilities,Early Access",NA
"Massively Multiplayer,Simulation,Sports,Early Access",NA
"Massively Multiplayer,Strategy",NA
"Movie,Action",NA
"Movie,Short,360 Video",NA
"Nudity,Action,Adventure,Indie,Simulation",NA
"Nudity,Action,Casual,Indie",NA
"Nudity,Adventure,Casual,Indie",NA
"Nudity,Adventure,Casual,Indie,Simulation,RPG",NA
"Nudity,Casual,Indie",NA
"Nudity,Casual,Simulation,Indie",NA
"Nudity,Violent,Adventure,Indie,RPG",NA
"Nudity,Violent,Gore,Action,Adventure",NA
"Nudity,Violent,Gore,Action,Adventure,Massively Multiplayer,RPG,Strategy,Simulation",NA
"Nudity,Violent,Movie",NA
"Nudity,Violent,RPG,Action,Adventure,Indie",NA
"Nudity,Violent,Strategy",NA
Photo Editing,NA
"Photo Editing,Animation & Modeling,Utilities",NA
"Photo Editing,Audio Production,Design & Illustration,Utilities,Video Production,Web Publishing",NA
"Photo Editing,Software Training,Utilities",NA
"Photo Editing,Utilities",NA
"Photo Editing,Utilities,Video Production",NA
Racing,37.241379310344826
"Racing,Action",NA
"Racing,Adventure,Indie,RPG",NA
"Racing,Early Access",6
"Racing,Simulation",24
"Racing,Simulation,Casual,Indie",NA
"Racing,Simulation,Early Access",7
"Racing,Simulation,Indie",NA
"Racing,Simulation,Sports",40.486486486486484
"Racing,Simulation,Sports,Casual",NA
"Racing,Simulation,Sports,Early Access",NA
"Racing,Simulation,Sports,Massively Multiplayer",NA
"Racing,Simulation,Sports,Strategy",85.5
"Racing,Simulation,Strategy",NA
"Racing,Simulation,Strategy,Early Access",NA
"Racing,Simulation,Strategy,Indie",NA
"Racing,Sports",43.5
"Racing,Sports,Early Access",NA
"Racing,Sports,Movie",NA
"Racing,Sports,Strategy,Early Access",NA
RPG,98.66666666666667
"RPG,Action",NA
"RPG,Action,Adventure",NA
"RPG,Action,Adventure,Indie,Casual,Strategy,Massively Multiplayer,Simulation,Early Access",NA
"RPG,Adventure",NA
"RPG,Adventure,Indie",NA
"RPG,Adventure,Strategy,Casual,Indie",NA
"RPG,Casual,Adventure",NA
"RPG,Early Access",19
"RPG,Indie",30
"RPG,Indie,Strategy",NA
"RPG,Indie,Strategy,Action",NA
"RPG,Indie,Strategy,Adventure",NA
"RPG,Massively Multiplayer",NA
"RPG,Nudity,Violent",NA
"RPG,Simulation",30
"RPG,Simulation,Casual,Free to Play",NA
"RPG,Simulation,Early Access",24
"RPG,Simulation,Strategy",44.90909090909091
"RPG,Simulation,Strategy,Action",NA
"RPG,Simulation,Strategy,Action,Adventure,Racing,Sports",NA
"RPG,Simulation,Strategy,Early Access",26
"RPG,Strategy",49.977777777777774
"RPG,Strategy,Action",NA
"RPG,Strategy,Adventure",NA
"RPG,Strategy,Adventure,Indie",NA
"RPG,Strategy,Casual,Early Access",NA
"RPG,Strategy,Casual,Indie,Simulation,Action,Sports",NA
"RPG,Strategy,Early Access",NA
"RPG,Strategy,Indie,Casual",NA
"RPG,Strategy,Nudity,Violent",NA
"RPG,Strategy,Simulation",NA
"RPG,Violent,Gore,Action,Indie,Early Access",NA
"RPG,Violent,Gore,Indie",NA
"RPG,Web Publishing",NA
"Sexual Content,Action,Adventure,Indie,RPG",NA
"Sexual Content,Action,Adventure,Indie,Simulation,Nudity",NA
"Sexual Content,Adventure,Casual,Indie",NA
"Sexual Content,Casual,Indie,Simulation",NA
"Sexual Content,Nudity,Action,Adventure,Indie",NA
"Sexual Content,Nudity,Adventure,Casual,Indie",NA
"Sexual Content,Nudity,Adventure,Indie",NA
"Sexual Content,Nudity,Adventure,Simulation",NA
"Sexual Content,Nudity,Casual,Indie",NA
"Sexual Content,Nudity,Casual,Indie,RPG",NA
"Sexual Content,Nudity,Casual,Indie,Simulation",NA
"Sexual Content,Nudity,Indie,Casual,Simulation,Adventure,RPG",NA
"Sexual Content,Nudity,Violent,Gore,Indie,Simulation",NA
"Sexual Content,Nudity,Violent,Gore,RPG",NA
"Sexual Content,Nudity,Violent,RPG,Strategy",NA
"Sexual Content,RPG",NA
"Sexual Content,Strategy",NA
"Sexual Content,Violent,Action",NA
"Sexual Content,Violent,Adventure,Indie,Strategy",NA
"Sexual Content,Violent,Gore,Adventure,Indie,Action",NA
Short,NA
Simulation,44.46236559139785
"Simulation,Action",NA
"Simulation,Early Access",11.875
"Simulation,Education",NA
"Simulation,Education,Software Training",NA
"Simulation,Indie",NA
"Simulation,Sports",48.5625
"Simulation,Sports,Early Access",296
"Simulation,Sports,Indie",NA
"Simulation,Sports,Strategy",19
"Simulation,Sports,Violent,Gore,Action,Adventure,Casual,Indie",NA
"Simulation,Strategy",49.214285714285715
"Simulation,Strategy,Action,Casual,Indie",NA
"Simulation,Strategy,Adventure,Indie",NA
"Simulation,Strategy,Casual,Indie",NA
"Simulation,Strategy,Early Access",16.5
"Simulation,Strategy,Free to Play",NA
"Simulation,Strategy,Indie",NA
"Simulation,Strategy,RPG",NA
"Simulation,Strategy,Violent",NA
"Simulation,Utilities",NA
Software Training,NA
"Software Training,Accounting",NA
"Software Training,Early Access",NA
"Software Training,Utilities",NA
"Software Training,Utilities,Video Production",NA
Sports,30.142857142857142
"Sports,Casual",21
"Sports,Early Access",20
"Sports,Strategy",40.25
"Sports,Strategy,Nudity,Violent,Gore",NA
"Sports,Strategy,Violent,Gore",NA
Strategy,47.732394366197184
"Strategy,Action",NA
"Strategy,Action,Indie",92
"Strategy,Action,Indie,Adventure,Simulation",NA
"Strategy,Action,Simulation",NA
"Strategy,Casual",40
"Strategy,Early Access",29.2
"Strategy,Indie",34.5
"Strategy,Indie,Casual",61
"Strategy,Indie,Casual,Simulation",7
"Strategy,Indie,Simulation",NA
"Strategy,Massively Multiplayer",NA
"Strategy,RPG",57
"Strategy,RPG,Indie",35
"Strategy,RPG,Indie,Adventure",NA
"Strategy,Simulation",10
"Strategy,Simulation,RPG",NA
"Strategy,Violent",NA
Utilities,15.444444444444445
"Utilities,Early Access",5
"Utilities,Game Development",8
"Utilities,Video Production",NA
"Utilities,Video Production,Early Access",NA
"Utilities,Video Production,Web Publishing",NA
"Utilities,Video Production,Web Publishing,Game Development",NA
"Utilities,Web Publishing",7
Valve,NA
Video Production,NA
"Video Production,Audio Production",NA
"Video Production,Early Access",NA
"Video Production,Utilities",NA
"Violent,Action",NA
"Violent,Action,Adventure,Indie",NA
"Violent,Action,Casual",NA
"Violent,Action,Casual,Indie",NA
"Violent,Action,Casual,Indie,Simulation",NA
"Violent,Action,Casual,Indie,Simulation,Strategy",NA
"Violent,Action,Indie,Early Access",NA
"Violent,Action,Indie,Early Access,Adventure",NA
"Violent,Action,Massively Multiplayer,Simulation,Sports,Free to Play,Indie",NA
"Violent,Action,Strategy",NA
"Violent,Adventure",NA
"Violent,Adventure,Casual,Indie,RPG,Simulation",NA
"Violent,Adventure,Indie",NA
"Violent,Adventure,Indie,RPG,Simulation,Gore,Casual",NA
"Violent,Gore,Action,Adventure",NA
"Violent,Gore,Action,Adventure,Indie",NA
"Violent,Gore,Action,Adventure,Indie,Casual,Racing,Sports,RPG,Simulation,Strategy,Early Access",NA
"Violent,Gore,Action,Adventure,Indie,RPG",NA
"Violent,Gore,Action,Adventure,Indie,RPG,Strategy",NA
"Violent,Gore,Action,Adventure,Indie,Simulation",NA
"Violent,Gore,Action,Adventure,Indie,Strategy",NA
"Violent,Gore,Action,Indie",NA
"Violent,Gore,Action,Indie,Adventure",NA
"Violent,Gore,Action,Indie,Nudity,Strategy,Casual",NA
"Violent,Gore,Action,Indie,Racing",NA
"Violent,Gore,Action,Indie,RPG,Strategy,Adventure,Casual",NA
"Violent,Gore,Action,Simulation,Sports,Casual,Indie",NA
"Violent,Gore,Adventure",NA
"Violent,Gore,Adventure,Indie,Simulation,Action,RPG,Strategy,Early Access",NA
"Violent,Gore,Indie,Casual,Simulation,Early Access,Action,Adventure,Strategy",NA
"Violent,Movie,Nudity",NA
"Violent,RPG,Simulation,Early Access",NA
Web Publishing,NA
NA,23.88235294117647
